question_id,character_id,profession,difficulty,field_key,question_text,correct_answer,options_json
lucky_person_manor_name_easy,lucky_person,survivor,easy,manor_name,該角色在莊園的名字是？,推演替身,"[""瑪爾塔·貝坦菲爾"",""瓦倫蒂娜·雅加·瓦西裡耶娃"",""推演替身""]"
lucky_person_nickname_easy,lucky_person,survivor,easy,nickname,該角色的小名是？,小幸,"[""小幸"",""\""戲謔\""、\""悲觀\""、\""寡言\"""",""米沙""]"
lucky_person_camp_easy,lucky_person,survivor,easy,camp,該角色的陣營是？,求生者,"[""求生者"",""監管者""]"
lucky_person_birthday_or_anniversary_easy,lucky_person,survivor,easy,birthday_or_anniversary,該角色的生日／紀念日是？,11月22日,"[""1月13日"",""11月22日"",""6月1日""]"
lucky_person_representative_s_tier_costume_easy,lucky_person,survivor,easy,representative_s_tier_costume,該角色擁有哪些時裝？,拉塔托斯克,"[""典獄長"",""死生之諭"",""拉塔托斯克""]"
lucky_person_representative_a_tier_costume_easy,lucky_person,survivor,easy,representative_a_tier_costume,該角色擁有哪些時裝？,"女僕裝、""未知射線""X","[""蝕日者、此刻萬籟俱寂"",""花千樹"",""女僕裝、\""未知射線\""X""]"
lucky_person_cn_release_date_hard,lucky_person,survivor,hard,cn_release_date,該角色的上線日期為？,2018-04-02,"[""2018-04-02"",""2021-11-18"",""2025-11-27""]"
lucky_person_cn_voice_actor_hard,lucky_person,survivor,hard,cn_voice_actor,該角色的中文配音演員為？,李元韜,"[""張安琪"",""劉以嘉"",""李元韜""]"
doctor_manor_name_easy,doctor,survivor,easy,manor_name,該角色在莊園的名字是？,艾米麗·黛兒,"[""艾米麗·黛兒"",""伊萊·克拉克"",""班恩""]"
doctor_real_name_easy,doctor,survivor,easy,real_name,該角色的本名是？,莉迪亞·瓊斯,"[""莉迪亞·瓊斯"",""巴爾克·拉·帕杜拉"",""裘克""]"
doctor_former_name_easy,doctor,survivor,easy,former_name,該角色的曾用名是？,莉迪亞·瓊斯,"[""米哈伊爾·托夫洛維奇·瓦西里耶夫"",""梅莉·恩德洛武"",""莉迪亞·瓊斯""]"
doctor_alias_easy,doctor,survivor,easy,alias,玩家可能怎麼稱呼該角色？,愛美麗,"[""愛美麗"",""月亮河之母"",""老奶""]"
doctor_camp_easy,doctor,survivor,easy,camp,該角色的陣營是？,求生者,"[""求生者"",""監管者""]"
doctor_birthday_or_anniversary_easy,doctor,survivor,easy,birthday_or_anniversary,該角色的生日／紀念日是？,3月17日,"[""3月17日"",""8月4日"",""8月11日""]"
doctor_age_easy,doctor,survivor,easy,age,該角色的年齡是？,32,"[""25"",""32"",""35""]"
doctor_gender_easy,doctor,survivor,easy,gender,該角色的性別是？,女,"[""女"",""男""]"
doctor_likes_easy,doctor,survivor,easy,likes,該角色喜歡？,藥草、書,"[""極端美學、天賦卓越的人"",""機油、蝴蝶結"",""藥草、書""]"
doctor_dislikes_easy,doctor,survivor,easy,dislikes,該角色討厭？,郊狼,"[""郊狼"",""老鼠、狐狸"",""耶誕節""]"
doctor_representative_s_tier_costume_easy,doctor,survivor,easy,representative_s_tier_costume,該角色擁有哪些時裝？,司藥,"[""克羅托"",""司藥"",""\""鬼燭\""""]"
doctor_representative_a_tier_costume_easy,doctor,survivor,easy,representative_a_tier_costume,該角色擁有哪些時裝？,試運者、流螢,"[""試運者、流螢"",""黃金燭台"",""\""有機磷\""、共赴深處""]"
doctor_abyss_s_or_a_costume_easy,doctor,survivor,easy,abyss_s_or_a_costume,該角色擁有哪些時裝？,痊癒、雨中曲、往昔,"[""糖果少女、咫尺天涯、\""鎖芯\"""",""痊癒、雨中曲、往昔"",""\""裁縫夫人\""、蛇蠍美人、補天裂""]"
doctor_cn_release_date_hard,doctor,survivor,hard,cn_release_date,該角色的上線日期為？,2018-04-02,"[""2018-04-02"",""2021-10-29"",""2026-04-23""]"
doctor_cn_voice_actor_hard,doctor,survivor,hard,cn_voice_actor,該角色的中文配音演員為？,武向彤,"[""孟祥龍"",""武向彤"",""安志""]"
doctor_experiment_code_hard,doctor,survivor,hard,experiment_code,該角色的實驗代號為？,4-0-4,"[""4-0-4"",""8-1-4"",""3-?-1""]"
lawyer_manor_name_easy,lawyer,survivor,easy,manor_name,該角色在莊園的名字是？,弗雷迪·萊利,"[""推演替身"",""弗雷迪·萊利"",""巴爾克""]"
lawyer_real_name_easy,lawyer,survivor,easy,real_name,該角色的本名是？,弗雷迪·萊利,"[""瑟維·勒·羅伊"",""弗雷迪·萊利"",""威廉·艾利斯""]"
lawyer_alias_easy,lawyer,survivor,easy,alias,玩家可能怎麼稱呼該角色？,微調哥,"[""微調哥"",""約約"",""憨蛋""]"
lawyer_camp_easy,lawyer,survivor,easy,camp,該角色的陣營是？,求生者,"[""求生者"",""監管者""]"
lawyer_birthday_or_anniversary_easy,lawyer,survivor,easy,birthday_or_anniversary,該角色的生日／紀念日是？,1月12日,"[""1月13日"",""11月22日"",""1月12日""]"
lawyer_age_easy,lawyer,survivor,easy,age,該角色的年齡是？,38,"[""38"",""21"",""23""]"
lawyer_gender_easy,lawyer,survivor,easy,gender,該角色的性別是？,男,"[""男"",""女""]"
lawyer_likes_easy,lawyer,survivor,easy,likes,該角色喜歡？,瑪莎、金錢,"[""能面、頭紗、和服"",""瑪莎、金錢"",""司南、傘""]"
lawyer_dislikes_easy,lawyer,survivor,easy,dislikes,該角色討厭？,蟑螂,"[""蟑螂"",""陽光、火把"",""老鼠、狐狸""]"
lawyer_representative_s_tier_costume_easy,lawyer,survivor,easy,representative_s_tier_costume,該角色擁有哪些時裝？,倒逆之汞,"[""倒逆之汞"",""初擁"",""怒火""]"
lawyer_representative_a_tier_costume_easy,lawyer,survivor,easy,representative_a_tier_costume,該角色擁有哪些時裝？,蘭斯洛特、維特、正義的砝碼,"[""日落黃沙"",""斐樂蒙的聖壇、行於界限間"",""蘭斯洛特、維特、正義的砝碼""]"
lawyer_cn_release_date_hard,lawyer,survivor,hard,cn_release_date,該角色的上線日期為？,2018-04-02,"[""2023-06-21"",""2018-04-02"",""2021-06-17""]"
lawyer_cn_voice_actor_hard,lawyer,survivor,hard,cn_voice_actor,該角色的中文配音演員為？,李元韜,"[""劉垚"",""武向彤"",""李元韜""]"
lawyer_experiment_code_hard,lawyer,survivor,hard,experiment_code,該角色的實驗代號為？,4-0-3,"[""9-?-1"",""4-0-3"",""3-1-4""]"
philanthropist_manor_name_easy,philanthropist,survivor,easy,manor_name,該角色在莊園的名字是？,克利切·皮爾森,"[""庫特·弗蘭克"",""克萊奧·德克魯"",""克利切·皮爾森""]"
philanthropist_real_name_easy,philanthropist,survivor,easy,real_name,該角色的本名是？,克利切·皮爾森,"[""麗莎·貝克"",""穆羅"",""克利切·皮爾森""]"
philanthropist_alias_easy,philanthropist,survivor,easy,alias,玩家可能怎麼稱呼該角色？,皮皮善,"[""貓貓人"",""皮皮善"",""咒咒國王""]"
philanthropist_camp_easy,philanthropist,survivor,easy,camp,該角色的陣營是？,求生者,"[""監管者"",""求生者""]"
philanthropist_birthday_or_anniversary_easy,philanthropist,survivor,easy,birthday_or_anniversary,該角色的生日／紀念日是？,5月7日,"[""1月3日"",""1月13日"",""5月7日""]"
philanthropist_age_easy,philanthropist,survivor,easy,age,該角色的年齡是？,30,"[""25"",""20"",""30""]"
philanthropist_gender_easy,philanthropist,survivor,easy,gender,該角色的性別是？,男,"[""男"",""女""]"
philanthropist_likes_easy,philanthropist,survivor,easy,likes,該角色喜歡？,金錢、溫順的人,"[""彎刀、有月光的夜晚"",""金錢、溫順的人"",""美麗的、充滿藝術感的人或物""]"
philanthropist_dislikes_easy,philanthropist,survivor,easy,dislikes,該角色討厭？,傲慢的人,"[""鏡子、別人的視線"",""傲慢的人"",""水""]"
philanthropist_representative_s_tier_costume_easy,philanthropist,survivor,easy,representative_s_tier_costume,該角色擁有哪些時裝？,舞獅,"[""紅騎士"",""闔家宴"",""舞獅""]"
philanthropist_representative_a_tier_costume_easy,philanthropist,survivor,easy,representative_a_tier_costume,該角色擁有哪些時裝？,"""稻草人""、鬥牛士之吻、領頭羊","[""\""稻草人\""、鬥牛士之吻、領頭羊"",""薄金、首席顧問"",""悲愴簧管""]"
philanthropist_cn_release_date_hard,philanthropist,survivor,hard,cn_release_date,該角色的上線日期為？,2018-04-02,"[""2019-12-08"",""2018-05-17"",""2018-04-02""]"
philanthropist_cn_voice_actor_hard,philanthropist,survivor,hard,cn_voice_actor,該角色的中文配音演員為？,劉北辰,"[""劉北辰"",""孟祥龍"",""武向彤""]"
philanthropist_experiment_code_hard,philanthropist,survivor,hard,experiment_code,該角色的實驗代號為？,4-0-2,"[""8-1-4"",""4-0-3"",""4-0-2""]"
gardener_manor_name_easy,gardener,survivor,easy,manor_name,該角色在莊園的名字是？,艾瑪·伍茲,"[""艾瑪·伍茲"",""伊德海拉"",""帕緹夏·多里瓦爾""]"
gardener_real_name_easy,gardener,survivor,easy,real_name,該角色的本名是？,麗莎·貝克,"[""麥克·莫頓"",""裘克"",""麗莎·貝克""]"
gardener_former_name_easy,gardener,survivor,easy,former_name,該角色的曾用名是？,麗莎·貝克,"[""穆羅·莫頓"",""麗莎·貝克"",""巴爾克·拉·帕杜拉""]"
gardener_alias_easy,gardener,survivor,easy,alias,玩家可能怎麼稱呼該角色？,丁丁,"[""丁丁"",""殮殮"",""法法""]"
gardener_camp_easy,gardener,survivor,easy,camp,該角色的陣營是？,求生者,"[""求生者"",""監管者""]"
gardener_birthday_or_anniversary_easy,gardener,survivor,easy,birthday_or_anniversary,該角色的生日／紀念日是？,12月21日,"[""12月21日"",""8月25日"",""4月30日""]"
gardener_age_easy,gardener,survivor,easy,age,該角色的年齡是？,22,"[""26"",""22"",""30""]"
gardener_gender_easy,gardener,survivor,easy,gender,該角色的性別是？,女,"[""女"",""男""]"
gardener_likes_easy,gardener,survivor,easy,likes,該角色喜歡？,金絲雀,"[""金絲雀"",""溫柔的人"",""鳥類""]"
gardener_dislikes_easy,gardener,survivor,easy,dislikes,該角色討厭？,老鼠、狐狸,"[""老鼠、狐狸"",""軍隊、政府官員"",""炸藥""]"
gardener_representative_s_tier_costume_easy,gardener,survivor,easy,representative_s_tier_costume,該角色擁有哪些時裝？,初晴,"[""福爾摩斯"",""初晴"",""死靈師""]"
gardener_representative_a_tier_costume_easy,gardener,survivor,easy,representative_a_tier_costume,該角色擁有哪些時裝？,長夏永不凋落、怪鳥,"[""\""膨化\""、LEONARD"",""長夏永不凋落、怪鳥"",""白澤、紙新娘·陶夢嫣""]"
gardener_abyss_s_or_a_costume_easy,gardener,survivor,easy,abyss_s_or_a_costume,該角色擁有哪些時裝？,蘭閨驚夢、真相小姐、等風來,"[""嗜金海怪、海怪船長"",""刻律涅之傷、聖誕狂鹿、阿努比斯"",""蘭閨驚夢、真相小姐、等風來""]"
gardener_cn_release_date_hard,gardener,survivor,hard,cn_release_date,該角色的上線日期為？,2018-04-02,"[""2021-05-08"",""2018-04-02"",""2019-06-06""]"
gardener_cn_voice_actor_hard,gardener,survivor,hard,cn_voice_actor,該角色的中文配音演員為？,李棟婷,"[""安志"",""李棟婷"",""王宇航""]"
gardener_experiment_code_hard,gardener,survivor,hard,experiment_code,該角色的實驗代號為？,4-1-1,"[""8-?-2"",""10-0-2/11-1-1"",""4-1-1""]"
magician_manor_name_easy,magician,survivor,easy,manor_name,該角色在莊園的名字是？,瑟維·勒·羅伊,"[""麥克·莫頓"",""瑟維·勒·羅伊"",""薇拉·奈爾""]"
magician_real_name_easy,magician,survivor,easy,real_name,該角色的本名是？,瑟維·勒·羅伊,"[""瓦倫蒂娜·雅加·瓦西裡耶娃"",""瑟維·勒·羅伊"",""伊塔·維魯弗""]"
magician_alias_easy,magician,survivor,easy,alias,玩家可能怎麼稱呼該角色？,最偉大的魔術師,"[""巫巫"",""最偉大的魔術師"",""約約""]"
magician_camp_easy,magician,survivor,easy,camp,該角色的陣營是？,求生者,"[""監管者"",""求生者""]"
magician_birthday_or_anniversary_easy,magician,survivor,easy,birthday_or_anniversary,該角色的生日／紀念日是？,7月4日,"[""4月2日"",""7月4日"",""8月25日""]"
magician_age_easy,magician,survivor,easy,age,該角色的年齡是？,35,"[""20"",""38"",""35""]"
magician_gender_easy,magician,survivor,easy,gender,該角色的性別是？,男,"[""女"",""男""]"
magician_likes_easy,magician,survivor,easy,likes,該角色喜歡？,製作精良的手杖和西服,"[""看書、文字記錄、研究法律"",""製作精良的手杖和西服"",""圖書館、家人、深秋""]"
magician_dislikes_easy,magician,survivor,easy,dislikes,該角色討厭？,被人威脅,"[""叛徒、無腦蠻鬥者、海軍、繁雜不實的事物"",""破壞建築物和擅自使用設施的人"",""被人威脅""]"
magician_representative_s_tier_costume_easy,magician,survivor,easy,representative_s_tier_costume,該角色擁有哪些時裝？,岩鴿,"[""司藥"",""\""鬼燭\"""",""岩鴿""]"
magician_representative_a_tier_costume_easy,magician,survivor,easy,representative_a_tier_costume,該角色擁有哪些時裝？,寒晶、尋寶貴族,"[""寒晶、尋寶貴族"",""惡之源、石榴碟小姐"",""海鹽特調、裁決之酒""]"
magician_abyss_s_or_a_costume_easy,magician,survivor,easy,abyss_s_or_a_costume,該角色擁有哪些時裝？,"白金阿拉丁、""假面紳士""、動力芯","[""白金阿拉丁、\""假面紳士\""、動力芯"",""夢境中的愛麗絲、恐懼的舊影、伊布"",""灰燼狂想、祖祖、緘默者""]"
magician_cn_release_date_hard,magician,survivor,hard,cn_release_date,該角色的上線日期為？,2018-04-02,"[""2018-04-05"",""2018-04-02"",""2021-11-11""]"
magician_cn_voice_actor_hard,magician,survivor,hard,cn_voice_actor,該角色的中文配音演員為？,孫曄,"[""劉以嘉"",""孫曄"",""杜晴晴""]"
magician_experiment_code_hard,magician,survivor,hard,experiment_code,該角色的實驗代號為？,9-?-4,"[""11-0-2"",""9-?-4"",""5-?-4""]"
adventurer_manor_name_easy,adventurer,survivor,easy,manor_name,該角色在莊園的名字是？,庫特·弗蘭克,"[""庫特·弗蘭克"",""梅莉·普林尼"",""安妮·萊斯特""]"
adventurer_real_name_easy,adventurer,survivor,easy,real_name,該角色的本名是？,庫特·弗蘭克,"[""庫特·弗蘭克"",""菲歐娜·吉爾曼"",""弗雷德里克·克雷伯格""]"
adventurer_alias_easy,adventurer,survivor,easy,alias,玩家可能怎麼稱呼該角色？,挖寶男孩,"[""挖寶男孩"",""小羅比"",""婭婭""]"
adventurer_camp_easy,adventurer,survivor,easy,camp,該角色的陣營是？,求生者,"[""監管者"",""求生者""]"
adventurer_birthday_or_anniversary_easy,adventurer,survivor,easy,birthday_or_anniversary,該角色的生日／紀念日是？,3月1日,"[""6月22日"",""3月19日"",""3月1日""]"
adventurer_age_easy,adventurer,survivor,easy,age,該角色的年齡是？,25,"[""25"",""28"",""23""]"
adventurer_gender_easy,adventurer,survivor,easy,gender,該角色的性別是？,男,"[""男"",""女""]"
adventurer_likes_easy,adventurer,survivor,easy,likes,該角色喜歡？,遊記、小說,"[""遊記、小說"",""家人、堅定的情感、火焰、曬太陽"",""草藥、木雕、黃金飾品""]"
adventurer_dislikes_easy,adventurer,survivor,easy,dislikes,該角色討厭？,昆蟲,"[""欺騙、教條主義"",""昆蟲"",""草藥""]"
adventurer_representative_s_tier_costume_easy,adventurer,survivor,easy,representative_s_tier_costume,該角色擁有哪些時裝？,報社主編,"[""報社主編"",""欺惑之燕"",""歐律狄刻""]"
adventurer_representative_a_tier_costume_easy,adventurer,survivor,easy,representative_a_tier_costume,該角色擁有哪些時裝？,小人國,"[""\""有機磷\""、共赴深處"",""長夏永不凋落、怪鳥"",""小人國""]"
adventurer_abyss_s_or_a_costume_easy,adventurer,survivor,easy,abyss_s_or_a_costume,該角色擁有哪些時裝？,警醒的龜先生、發明家、愛麗絲,"[""警醒的龜先生、發明家、愛麗絲"",""沉眠的兔先生、\""黑鼻子\""、蠻牛之力"",""異星、克朗普斯、波塞冬""]"
adventurer_cn_release_date_hard,adventurer,survivor,hard,cn_release_date,該角色的上線日期為？,2018-04-02,"[""2020-06-24"",""2025-08-28"",""2018-04-02""]"
adventurer_cn_voice_actor_hard,adventurer,survivor,hard,cn_voice_actor,該角色的中文配音演員為？,蘇鑫,"[""劉雨軒"",""蘇鑫"",""孫曄""]"
adventurer_experiment_code_hard,adventurer,survivor,hard,experiment_code,該角色的實驗代號為？,9-?-1,"[""6-0-5"",""2-1-1"",""9-?-1""]"
mercenary_manor_name_easy,mercenary,survivor,easy,manor_name,該角色在莊園的名字是？,奈布·薩貝達,"[""馬蒂亞斯·切爾寧"",""盧基諾·迪魯西"",""奈布·薩貝達""]"
mercenary_real_name_easy,mercenary,survivor,easy,real_name,該角色的本名是？,奈布·薩貝達,"[""奈布·薩貝達"",""米哈伊爾·托夫洛維奇·瓦西里耶夫"",""莉迪亞·瓊斯""]"
mercenary_alias_easy,mercenary,survivor,easy,alias,玩家可能怎麼稱呼該角色？,毛豆,"[""毛豆"",""巫巫"",""光頭哥""]"
mercenary_camp_easy,mercenary,survivor,easy,camp,該角色的陣營是？,求生者,"[""監管者"",""求生者""]"
mercenary_birthday_or_anniversary_easy,mercenary,survivor,easy,birthday_or_anniversary,該角色的生日／紀念日是？,7月23日,"[""10月21日"",""7月23日"",""2月18日""]"
mercenary_age_easy,mercenary,survivor,easy,age,該角色的年齡是？,27,"[""35"",""30"",""27""]"
mercenary_gender_easy,mercenary,survivor,easy,gender,該角色的性別是？,男,"[""女"",""男""]"
mercenary_likes_easy,mercenary,survivor,easy,likes,該角色喜歡？,彎刀、有月光的夜晚,"[""鳥類"",""珠寶、華服、箱包"",""彎刀、有月光的夜晚""]"
mercenary_dislikes_easy,mercenary,survivor,easy,dislikes,該角色討厭？,野豬、麻煩的客戶,"[""城市、喧囂的地方"",""不公正的法律裁決、不平等的對待"",""野豬、麻煩的客戶""]"
mercenary_representative_s_tier_costume_easy,mercenary,survivor,easy,representative_s_tier_costume,該角色擁有哪些時裝？,珍奇櫃,"[""不合時宜的維魯弗"",""國王的裁縫"",""珍奇櫃""]"
mercenary_representative_a_tier_costume_easy,mercenary,survivor,easy,representative_a_tier_costume,該角色擁有哪些時裝？,紅衣人、至萬千無言者,"[""紅衣人、至萬千無言者"",""結晶體、耶夢加得"",""永恆、赤松楓""]"
mercenary_abyss_s_or_a_costume_easy,mercenary,survivor,easy,abyss_s_or_a_costume,該角色擁有哪些時裝？,達克斯上校、推理先生、彈簧手,"[""達克斯上校、推理先生、彈簧手"",""瓊樓遺恨、愛神之吻、黑天鵝之羽"",""白金阿拉丁、\""假面紳士\""、動力芯""]"
mercenary_cn_release_date_hard,mercenary,survivor,hard,cn_release_date,該角色的上線日期為？,2018-04-05,"[""2018-11-15"",""2018-04-05"",""2019-05-09""]"
mercenary_cn_voice_actor_hard,mercenary,survivor,hard,cn_voice_actor,該角色的中文配音演員為？,王宇航,"[""王宇航"",""穆雪婷"",""金娜""]"
mercenary_experiment_code_hard,mercenary,survivor,hard,experiment_code,該角色的實驗代號為？,9-?-3,"[""5-?-4"",""8-0-1"",""9-?-3""]"
airman_manor_name_easy,airman,survivor,easy,manor_name,該角色在莊園的名字是？,瑪爾塔·貝坦菲爾,"[""伽拉泰亞"",""凱文·阿尤索"",""瑪爾塔·貝坦菲爾""]"
airman_former_name_easy,airman,survivor,easy,former_name,該角色的曾用名是？,瑪嘉蕾莎·哈麗,"[""羅伊·卡斐"",""瑪嘉蕾莎·哈麗"",""巴爾克·拉·帕杜拉""]"
airman_alias_easy,airman,survivor,easy,alias,玩家可能怎麼稱呼該角色？,空姐,"[""電擊小子"",""鉤爪小貓"",""空姐""]"
airman_camp_easy,airman,survivor,easy,camp,該角色的陣營是？,求生者,"[""監管者"",""求生者""]"
airman_birthday_or_anniversary_easy,airman,survivor,easy,birthday_or_anniversary,該角色的生日／紀念日是？,4月3日,"[""5月29日"",""5月18日"",""4月3日""]"
airman_age_easy,airman,survivor,easy,age,該角色的年齡是？,20,"[""18"",""20"",""35""]"
airman_gender_easy,airman,survivor,easy,gender,該角色的性別是？,女,"[""男"",""女""]"
airman_likes_easy,airman,survivor,easy,likes,該角色喜歡？,滑翔機、熱兵器,"[""獅子、舞台燈"",""滑翔機、熱兵器"",""機械玩偶""]"
airman_dislikes_easy,airman,survivor,easy,dislikes,該角色討厭？,信號塔,"[""輿論場、高風險、公關工作"",""貪贓枉法的上等人"",""信號塔""]"
airman_representative_s_tier_costume_easy,airman,survivor,easy,representative_s_tier_costume,該角色擁有哪些時裝？,菖蒲,"[""舞獅"",""菖蒲"",""墨菲斯的門廊""]"
airman_representative_a_tier_costume_easy,airman,survivor,easy,representative_a_tier_costume,該角色擁有哪些時裝？,寒香舞、天河,"[""海鹽特調、裁決之酒"",""寒香舞、天河"",""空""]"
airman_abyss_s_or_a_costume_easy,airman,survivor,easy,abyss_s_or_a_costume,該角色擁有哪些時裝？,瓊樓遺恨、愛神之吻、黑天鵝之羽,"[""瓊樓遺恨、愛神之吻、黑天鵝之羽"",""雪原獵人、弄臣、青須的公爵"",""羅密歐、湖中影、瑪吉努""]"
airman_cn_release_date_hard,airman,survivor,hard,cn_release_date,該角色的上線日期為？,2018-04-05,"[""2018-04-05"",""2020-03-19"",""2020-02-27""]"
airman_cn_voice_actor_hard,airman,survivor,hard,cn_voice_actor,該角色的中文配音演員為？,黃鶯,"[""陳昊天"",""黃鶯"",""杜晴晴""]"
airman_experiment_code_hard,airman,survivor,hard,experiment_code,該角色的實驗代號為？,6-1-4,"[""6-?-3"",""3-1-2"",""6-1-4""]"
mechanic_manor_name_easy,mechanic,survivor,easy,manor_name,該角色在莊園的名字是？,特蕾西·列茲尼克,"[""裘克"",""特蕾西·列茲尼克"",""菲歐娜·吉爾曼""]"
mechanic_real_name_easy,mechanic,survivor,easy,real_name,該角色的本名是？,特蕾西·列茲尼克,"[""盧卡斯·巴爾薩克"",""弗雷德里克·克雷伯格"",""特蕾西·列茲尼克""]"
mechanic_alias_easy,mechanic,survivor,easy,alias,玩家可能怎麼稱呼該角色？,小特,"[""小特"",""三刀姐"",""挖寶男孩""]"
mechanic_camp_easy,mechanic,survivor,easy,camp,該角色的陣營是？,求生者,"[""求生者"",""監管者""]"
mechanic_birthday_or_anniversary_easy,mechanic,survivor,easy,birthday_or_anniversary,該角色的生日／紀念日是？,9月13日,"[""5月18日"",""5月29日"",""9月13日""]"
mechanic_age_easy,mechanic,survivor,easy,age,該角色的年齡是？,21,"[""21"",""30"",""28""]"
mechanic_gender_easy,mechanic,survivor,easy,gender,該角色的性別是？,女,"[""男"",""女""]"
mechanic_likes_easy,mechanic,survivor,easy,likes,該角色喜歡？,機械玩偶,"[""有霧的夜晚"",""機械玩偶"",""溫柔的人""]"
mechanic_dislikes_easy,mechanic,survivor,easy,dislikes,該角色討厭？,炸藥,"[""破壞建築物和擅自使用設施的人"",""炸藥"",""蟑螂""]"
mechanic_representative_s_tier_costume_easy,mechanic,survivor,easy,representative_s_tier_costume,該角色擁有哪些時裝？,不會枯萎的花,"[""溯光"",""不會枯萎的花"",""哲人石""]"
mechanic_representative_a_tier_costume_easy,mechanic,survivor,easy,representative_a_tier_costume,該角色擁有哪些時裝？,小紅帽、心鎖,"[""女僕裝、\""未知射線\""X"",""茶話會、祈雨珠"",""小紅帽、心鎖""]"
mechanic_abyss_s_or_a_costume_easy,mechanic,survivor,easy,abyss_s_or_a_costume,該角色擁有哪些時裝？,"糖果少女、咫尺天涯、""鎖芯""","[""年歲、滾滾夥伴、桃樂絲"",""糖果少女、咫尺天涯、\""鎖芯\"""",""晨昏之隙、殘花淚、麒麟商人""]"
mechanic_cn_release_date_hard,mechanic,survivor,hard,cn_release_date,該角色的上線日期為？,2018-04-05,"[""2023-06-21"",""2018-04-05"",""2024-11-14""]"
mechanic_cn_voice_actor_hard,mechanic,survivor,hard,cn_voice_actor,該角色的中文配音演員為？,金娜,"[""孫暢"",""謝瑩"",""金娜""]"
mechanic_experiment_code_hard,mechanic,survivor,hard,experiment_code,該角色的實驗代號為？,10-0-1,"[""10-0-1"",""6-?-3"",""8-0-3""]"
forward_manor_name_easy,forward,survivor,easy,manor_name,該角色在莊園的名字是？,威廉·艾利斯,"[""艾瑪·伍茲"",""威廉·艾利斯"",""伊芙琳·莫雷""]"
forward_real_name_easy,forward,survivor,easy,real_name,該角色的本名是？,威廉·艾利斯,"[""威廉·艾利斯"",""米哈伊爾·托夫洛維奇·瓦西里耶夫"",""艾達·梅斯默""]"
forward_alias_easy,forward,survivor,easy,alias,玩家可能怎麼稱呼該角色？,快樂鋒男,"[""蠟蠟"",""蝶后"",""快樂鋒男""]"
forward_camp_easy,forward,survivor,easy,camp,該角色的陣營是？,求生者,"[""監管者"",""求生者""]"
forward_birthday_or_anniversary_easy,forward,survivor,easy,birthday_or_anniversary,該角色的生日／紀念日是？,5月15日,"[""7月10日"",""2月13日"",""5月15日""]"
forward_age_easy,forward,survivor,easy,age,該角色的年齡是？,28,"[""21"",""25"",""28""]"
forward_gender_easy,forward,survivor,easy,gender,該角色的性別是？,男,"[""男"",""女""]"
forward_likes_easy,forward,survivor,easy,likes,該角色喜歡？,拉格比足球、葡萄酒,"[""能面、頭紗、和服"",""森林、安靜的地方"",""拉格比足球、葡萄酒""]"
forward_dislikes_easy,forward,survivor,easy,dislikes,該角色討厭？,密碼機,"[""昆蟲"",""密碼機"",""所有人、酒""]"
forward_representative_s_tier_costume_easy,forward,survivor,easy,representative_s_tier_costume,該角色擁有哪些時裝？,火車頭,"[""欺惑之燕"",""珍奇櫃"",""火車頭""]"
forward_representative_a_tier_costume_easy,forward,survivor,easy,representative_a_tier_costume,該角色擁有哪些時裝？,群首、㏿滑種子,"[""群首、㏿滑種子"",""女僕裝、\""未知射線\""X"",""浮水蔓生、白松露""]"
forward_abyss_s_or_a_costume_easy,forward,survivor,easy,abyss_s_or_a_costume,該角色擁有哪些時裝？,"沉眠的兔先生、""黑鼻子""、蠻牛之力","[""沉眠的兔先生、\""黑鼻子\""、蠻牛之力"",""時之獵手、聚光燈下、窺伺之心"",""多色印刷、達芬奇、掌中篆記""]"
forward_cn_release_date_hard,forward,survivor,hard,cn_release_date,該角色的上線日期為？,2018-04-12,"[""2026-06-03"",""2018-04-12"",""2025-11-27""]"
forward_cn_voice_actor_hard,forward,survivor,hard,cn_voice_actor,該角色的中文配音演員為？,蘇鑫,"[""徐翔"",""蘇鑫"",""王宇航""]"
forward_experiment_code_hard,forward,survivor,hard,experiment_code,該角色的實驗代號為？,9-?-2,"[""9-?-2"",""10-0-2/11-1-1"",""8-0-3""]"
blind_girl_manor_name_easy,blind_girl,survivor,easy,manor_name,該角色在莊園的名字是？,海倫娜·亞當斯,"[""伽拉泰亞"",""海倫娜·亞當斯"",""瓦倫蒂娜·雅加·瓦西裡耶娃""]"
blind_girl_real_name_easy,blind_girl,survivor,easy,real_name,該角色的本名是？,海倫娜·亞當斯,"[""莉莉·巴利爾"",""巴爾克·拉·帕杜拉"",""海倫娜·亞當斯""]"
blind_girl_alias_easy,blind_girl,survivor,easy,alias,玩家可能怎麼稱呼該角色？,盲仔,"[""盲仔"",""老頭"",""法拉蛛""]"
blind_girl_camp_easy,blind_girl,survivor,easy,camp,該角色的陣營是？,求生者,"[""監管者"",""求生者""]"
blind_girl_birthday_or_anniversary_easy,blind_girl,survivor,easy,birthday_or_anniversary,該角色的生日／紀念日是？,1月13日,"[""7月30日"",""1月13日"",""3月19日""]"
blind_girl_age_easy,blind_girl,survivor,easy,age,該角色的年齡是？,19,"[""19"",""25"",""20""]"
blind_girl_gender_easy,blind_girl,survivor,easy,gender,該角色的性別是？,女,"[""男"",""女""]"
blind_girl_likes_easy,blind_girl,survivor,easy,likes,該角色喜歡？,詩歌、甜食,"[""詩歌、甜食"",""美麗成熟的女性"",""玩耍、玩具、花草、板球""]"
blind_girl_dislikes_easy,blind_girl,survivor,easy,dislikes,該角色討厭？,尖銳的東西,"[""昆蟲"",""尖銳的東西"",""雨、繩子""]"
blind_girl_representative_s_tier_costume_easy,blind_girl,survivor,easy,representative_s_tier_costume,該角色擁有哪些時裝？,黃金蛋糕,"[""闔家宴"",""記憶的沉痾"",""黃金蛋糕""]"
blind_girl_representative_a_tier_costume_easy,blind_girl,survivor,easy,representative_a_tier_costume,該角色擁有哪些時裝？,聽海閑情、瑪利亞公理,"[""變彩、\""溫室\"""",""聽海閑情、瑪利亞公理"",""小紅帽、心鎖""]"
blind_girl_abyss_s_or_a_costume_easy,blind_girl,survivor,easy,abyss_s_or_a_costume,該角色擁有哪些時裝？,點亮星星的女孩、不願醒來的女孩、海女巫,"[""不羈的浪漫、魔音迴響、銜尾蛇"",""刪除符、執政官"",""點亮星星的女孩、不願醒來的女孩、海女巫""]"
blind_girl_cn_release_date_hard,blind_girl,survivor,hard,cn_release_date,該角色的上線日期為？,2018-04-29,"[""2018-08-09"",""2024-04-30"",""2018-04-29""]"
blind_girl_cn_voice_actor_hard,blind_girl,survivor,hard,cn_voice_actor,該角色的中文配音演員為？,金娜,"[""黃驥"",""金娜"",""梁達偉""]"
blind_girl_experiment_code_hard,blind_girl,survivor,hard,experiment_code,該角色的實驗代號為？,0-0-3/0-1-3,"[""0-0-3/0-1-3"",""6-1-2"",""0-0-1""]"
priestess_manor_name_easy,priestess,survivor,easy,manor_name,該角色在莊園的名字是？,菲歐娜·吉爾曼,"[""穆羅"",""菲歐娜·吉爾曼"",""諾頓·坎貝爾""]"
priestess_real_name_easy,priestess,survivor,easy,real_name,該角色的本名是？,菲歐娜·吉爾曼,"[""里奧·貝克"",""菲歐娜·吉爾曼"",""馬庫斯·索恩""]"
priestess_alias_easy,priestess,survivor,easy,alias,玩家可能怎麼稱呼該角色？,月亮河之母,"[""月亮河之母"",""火火"",""跳跳蜥""]"
priestess_camp_easy,priestess,survivor,easy,camp,該角色的陣營是？,求生者,"[""監管者"",""求生者""]"
priestess_birthday_or_anniversary_easy,priestess,survivor,easy,birthday_or_anniversary,該角色的生日／紀念日是？,2月1日,"[""1月13日"",""2月1日"",""7月12日""]"
priestess_age_easy,priestess,survivor,easy,age,該角色的年齡是？,30,"[""21"",""26"",""30""]"
priestess_gender_easy,priestess,survivor,easy,gender,該角色的性別是？,女,"[""女"",""男""]"
priestess_likes_easy,priestess,survivor,easy,likes,該角色喜歡？,睿智、具備創造性的,"[""睿智、具備創造性的"",""美麗的、充滿藝術感的人或物"",""松露蛋糕、希臘神話""]"
priestess_dislikes_easy,priestess,survivor,easy,dislikes,該角色討厭？,愚蠢、粗鄙的,"[""愚蠢、粗鄙的"",""與人交往"",""狗、人多的地方""]"
priestess_representative_s_tier_costume_easy,priestess,survivor,easy,representative_s_tier_costume,該角色擁有哪些時裝？,驚鴻,"[""驚鴻"",""星空之翼"",""烏撒來客""]"
priestess_representative_a_tier_costume_easy,priestess,survivor,easy,representative_a_tier_costume,該角色擁有哪些時裝？,明日之輝、名譽首席,"[""逐風蝸"",""納西瑟斯、黃金比例"",""明日之輝、名譽首席""]"
priestess_abyss_s_or_a_costume_easy,priestess,survivor,easy,abyss_s_or_a_costume,該角色擁有哪些時裝？,"撒瑪拉、《卡門》、""緋""","[""羅密歐、湖中影、瑪吉努"",""撒瑪拉、《卡門》、\""緋\"""",""晨昏之隙、殘花淚、麒麟商人""]"
priestess_cn_release_date_hard,priestess,survivor,hard,cn_release_date,該角色的上線日期為？,2018-05-31,"[""2018-05-31"",""2018-08-23"",""2024-08-22""]"
priestess_cn_voice_actor_hard,priestess,survivor,hard,cn_voice_actor,該角色的中文配音演員為？,武向彤,"[""黃鶯"",""武向彤"",""董勝章""]"
priestess_experiment_code_hard,priestess,survivor,hard,experiment_code,該角色的實驗代號為？,6-1-3,"[""8-0-3"",""6-1-3"",""2-0-2""]"
perfumer_manor_name_easy,perfumer,survivor,easy,manor_name,該角色在莊園的名字是？,薇拉·奈爾,"[""謝必安/范無咎"",""薇拉·奈爾"",""瓦倫蒂娜·雅加·瓦西裡耶娃""]"
perfumer_real_name_easy,perfumer,survivor,easy,real_name,該角色的本名是？,克洛伊·奈爾,"[""克洛伊·奈爾"",""芬森·亨特"",""班恩·佩雷茲""]"
perfumer_former_name_easy,perfumer,survivor,easy,former_name,該角色的曾用名是？,克洛伊·奈爾,"[""羅比·懷特"",""約瑟夫·德拉索恩斯"",""克洛伊·奈爾""]"
perfumer_alias_easy,perfumer,survivor,easy,alias,玩家可能怎麼稱呼該角色？,香妃,"[""占占"",""香妃"",""電擊小子""]"
perfumer_camp_easy,perfumer,survivor,easy,camp,該角色的陣營是？,求生者,"[""求生者"",""監管者""]"
perfumer_birthday_or_anniversary_easy,perfumer,survivor,easy,birthday_or_anniversary,該角色的生日／紀念日是？,8月25日,"[""5月21日"",""11月17日"",""8月25日""]"
perfumer_age_easy,perfumer,survivor,easy,age,該角色的年齡是？,27,"[""45"",""27"",""35""]"
perfumer_gender_easy,perfumer,survivor,easy,gender,該角色的性別是？,女,"[""男"",""女""]"
perfumer_likes_easy,perfumer,survivor,easy,likes,該角色喜歡？,有品位的奢侈品,"[""有品位的奢侈品"",""犯罪小說、寓言故事、萬壽菊"",""書籍、音樂、科學實驗""]"
perfumer_dislikes_easy,perfumer,survivor,easy,dislikes,該角色討厭？,骯髒破敗的物品、醫療材料的消毒液味道,"[""一切香氛氣息"",""密碼機"",""骯髒破敗的物品、醫療材料的消毒液味道""]"
perfumer_representative_s_tier_costume_easy,perfumer,survivor,easy,representative_s_tier_costume,該角色擁有哪些時裝？,今夜不再,"[""蝰"",""此在無棲"",""今夜不再""]"
perfumer_representative_a_tier_costume_easy,perfumer,survivor,easy,representative_a_tier_costume,該角色擁有哪些時裝？,珊瑚夫人、花序,"[""珊瑚夫人、花序"",""黑鷲"",""獵龍者""]"
perfumer_abyss_s_or_a_costume_easy,perfumer,survivor,easy,abyss_s_or_a_costume,該角色擁有哪些時裝？,紅菱豔、猩紅新娘、致命溫柔,"[""瓊樓遺恨、愛神之吻、黑天鵝之羽"",""紅菱豔、猩紅新娘、致命溫柔"",""船影、春信、逆刃之鞭""]"
perfumer_cn_release_date_hard,perfumer,survivor,hard,cn_release_date,該角色的上線日期為？,2018-07-05,"[""2023-07-27"",""2019-08-27"",""2018-07-05""]"
perfumer_cn_voice_actor_hard,perfumer,survivor,hard,cn_voice_actor,該角色的中文配音演員為？,黃鶯,"[""董勝章"",""黃鶯"",""武向彤""]"
perfumer_experiment_code_hard,perfumer,survivor,hard,experiment_code,該角色的實驗代號為？,5-0-2,"[""6-1-3"",""8-1-4"",""5-0-2""]"
cowboy_manor_name_easy,cowboy,survivor,easy,manor_name,該角色在莊園的名字是？,凱文·阿尤索,"[""黛米·波本"",""凱文·阿尤索"",""奈布·薩貝達""]"
cowboy_real_name_easy,cowboy,survivor,easy,real_name,該角色的本名是？,凱文·阿尤索,"[""盧基諾·迪魯西"",""梅莉·恩德洛武"",""凱文·阿尤索""]"
cowboy_alias_easy,cowboy,survivor,easy,alias,玩家可能怎麼稱呼該角色？,牛爺爺,"[""牛爺爺"",""跳跳蜥"",""小羅比""]"
cowboy_camp_easy,cowboy,survivor,easy,camp,該角色的陣營是？,求生者,"[""監管者"",""求生者""]"
cowboy_birthday_or_anniversary_easy,cowboy,survivor,easy,birthday_or_anniversary,該角色的生日／紀念日是？,12月27日,"[""4月2日"",""12月22日"",""12月27日""]"
cowboy_age_easy,cowboy,survivor,easy,age,該角色的年齡是？,35,"[""28"",""35"",""23""]"
cowboy_gender_easy,cowboy,survivor,easy,gender,該角色的性別是？,男,"[""男"",""女""]"
cowboy_likes_easy,cowboy,survivor,easy,likes,該角色喜歡？,狩獵製品、武器,"[""森林、有活力的生命"",""狩獵製品、武器"",""松露蛋糕、希臘神話""]"
cowboy_dislikes_easy,cowboy,survivor,easy,dislikes,該角色討厭？,軍隊、政府官員,"[""商販"",""粗暴的人"",""軍隊、政府官員""]"
cowboy_representative_s_tier_costume_easy,cowboy,survivor,easy,representative_s_tier_costume,該角色擁有哪些時裝？,國王的裁縫,"[""國王的裁縫"",""溫泉煮酒"",""欺惑之燕""]"
cowboy_representative_a_tier_costume_easy,cowboy,survivor,easy,representative_a_tier_costume,該角色擁有哪些時裝？,謫仙,"[""海神之冕"",""謫仙"",""小紅帽、心鎖""]"
cowboy_abyss_s_or_a_costume_easy,cowboy,survivor,easy,abyss_s_or_a_costume,該角色擁有哪些時裝？,船影、春信、逆刃之鞭,"[""糖果少女、咫尺天涯、\""鎖芯\"""",""船影、春信、逆刃之鞭"",""哈姆雷特、\""盲區\""、\""加特\""""]"
cowboy_cn_release_date_hard,cowboy,survivor,hard,cn_release_date,該角色的上線日期為？,2018-08-09,"[""2020-08-06"",""2018-08-09"",""2024-04-30""]"
cowboy_cn_voice_actor_hard,cowboy,survivor,hard,cn_voice_actor,該角色的中文配音演員為？,李元韜,"[""李春胤"",""李元韜"",""張安琪""]"
cowboy_experiment_code_hard,cowboy,survivor,hard,experiment_code,該角色的實驗代號為？,5-?-4,"[""8-0-1"",""5-?-4"",""3-?-1""]"
dancer_manor_name_easy,dancer,survivor,easy,manor_name,該角色在莊園的名字是？,瑪格麗莎·澤萊,"[""里奧"",""柯根"",""瑪格麗莎·澤萊""]"
dancer_real_name_easy,dancer,survivor,easy,real_name,該角色的本名是？,娜塔莎,"[""何塞·巴登"",""娜塔莎"",""伯倫希爾·維魯弗""]"
dancer_former_name_easy,dancer,survivor,easy,former_name,該角色的曾用名是？,娜塔莉,"[""威爾·羅比/威爾·馬克/威爾·史帝夫"",""米哈伊爾·托夫洛維奇·瓦西里耶夫"",""娜塔莉""]"
dancer_alias_easy,dancer,survivor,easy,alias,玩家可能怎麼稱呼該角色？,舞舞,"[""鉤爪小貓"",""小黑小白"",""舞舞""]"
dancer_camp_easy,dancer,survivor,easy,camp,該角色的陣營是？,求生者,"[""監管者"",""求生者""]"
dancer_birthday_or_anniversary_easy,dancer,survivor,easy,birthday_or_anniversary,該角色的生日／紀念日是？,6月9日,"[""2月1日"",""6月9日"",""9月24日""]"
dancer_age_easy,dancer,survivor,easy,age,該角色的年齡是？,23,"[""45"",""23"",""18""]"
dancer_gender_easy,dancer,survivor,easy,gender,該角色的性別是？,女,"[""男"",""女""]"
dancer_likes_easy,dancer,survivor,easy,likes,該角色喜歡？,珠寶、華服、箱包,"[""結構精密的機械、啤酒、工程學書籍"",""珠寶、華服、箱包"",""松露蛋糕、希臘神話""]"
dancer_dislikes_easy,dancer,survivor,easy,dislikes,該角色討厭？,廉價工業品,"[""所有人、酒"",""活人"",""廉價工業品""]"
dancer_representative_s_tier_costume_easy,dancer,survivor,easy,representative_s_tier_costume,該角色擁有哪些時裝？,克羅托,"[""KING-h1"",""倒逆之汞"",""克羅托""]"
dancer_representative_a_tier_costume_easy,dancer,survivor,easy,representative_a_tier_costume,該角色擁有哪些時裝？,馴獸師、鍾閣杼思,"[""馴獸師、鍾閣杼思"",""浮水蔓生、白松露"",""夜行梟、芥川龍之介""]"
dancer_abyss_s_or_a_costume_easy,dancer,survivor,easy,abyss_s_or_a_costume,該角色擁有哪些時裝？,"莎樂美、梵音之舞、""月佑者""","[""莎樂美、梵音之舞、\""月佑者\"""",""璀璨的孤狼、黑鬱金香、雀舌"",""\""無用功\""G、反骨之縛、鎢""]"
dancer_cn_release_date_hard,dancer,survivor,hard,cn_release_date,該角色的上線日期為？,2018-09-13,"[""2018-05-31"",""2018-04-19"",""2018-09-13""]"
dancer_cn_voice_actor_hard,dancer,survivor,hard,cn_voice_actor,該角色的中文配音演員為？,黃鶯,"[""孟祥龍"",""劉北辰"",""黃鶯""]"
dancer_experiment_code_hard,dancer,survivor,hard,experiment_code,該角色的實驗代號為？,8-1-4,"[""2-1-1"",""8-1-4"",""12-1-1""]"
prophet_manor_name_easy,prophet,survivor,easy,manor_name,該角色在莊園的名字是？,伊萊·克拉克,"[""美智子"",""伊萊·克拉克"",""伊芙琳·莫雷""]"
prophet_real_name_easy,prophet,survivor,easy,real_name,該角色的本名是？,伊萊·克拉克,"[""伊萊·克拉克"",""裘克"",""奈布·薩貝達""]"
prophet_alias_easy,prophet,survivor,easy,alias,玩家可能怎麼稱呼該角色？,占占,"[""占占"",""掏哥"",""泡芙老師""]"
prophet_camp_easy,prophet,survivor,easy,camp,該角色的陣營是？,求生者,"[""監管者"",""求生者""]"
prophet_birthday_or_anniversary_easy,prophet,survivor,easy,birthday_or_anniversary,該角色的生日／紀念日是？,10月31日,"[""4月23日"",""10月31日"",""11月2日""]"
prophet_age_easy,prophet,survivor,easy,age,該角色的年齡是？,21,"[""30"",""21"",""25""]"
prophet_gender_easy,prophet,survivor,easy,gender,該角色的性別是？,男,"[""男"",""女""]"
prophet_likes_easy,prophet,survivor,easy,likes,該角色喜歡？,飛禽,"[""飛禽"",""獅子、舞台燈"",""機油、蝴蝶結""]"
prophet_dislikes_easy,prophet,survivor,easy,dislikes,該角色討厭？,商販,"[""睡眠、縫紉、狂信徒"",""商販"",""水""]"
prophet_representative_s_tier_costume_easy,prophet,survivor,easy,representative_s_tier_costume,該角色擁有哪些時裝？,不屈的信仰,"[""Checkmate"",""不屈的信仰"",""紅騎士""]"
prophet_representative_a_tier_costume_easy,prophet,survivor,easy,representative_a_tier_costume,該角色擁有哪些時裝？,夜行梟、芥川龍之介,"[""民謠樂手、煉獄奏曲"",""夜行梟、芥川龍之介"",""\""膨化\""、LEONARD""]"
prophet_abyss_s_or_a_costume_easy,prophet,survivor,easy,abyss_s_or_a_costume,該角色擁有哪些時裝？,"獨行者、""黯""、""白""","[""匣中夢、浴石商人、咫尺微光"",""獨行者、\""黯\""、\""白\"""",""蛋殼先生、蜀中客、秘密大廚""]"
prophet_cn_release_date_hard,prophet,survivor,hard,cn_release_date,該角色的上線日期為？,2018-10-18,"[""2018-04-05"",""2018-10-18"",""2024-10-17""]"
prophet_cn_voice_actor_hard,prophet,survivor,hard,cn_voice_actor,該角色的中文配音演員為？,孟祥龍,"[""孟祥龍"",""黃鶯"",""馬洋""]"
prophet_experiment_code_hard,prophet,survivor,hard,experiment_code,該角色的實驗代號為？,6-1-1,"[""6-1-1"",""6-1-4"",""5-?-1""]"
embalmer_manor_name_easy,embalmer,survivor,easy,manor_name,該角色在莊園的名字是？,伊索·卡爾,"[""埃米爾"",""伊索·卡爾"",""梅莉·普林尼""]"
embalmer_real_name_easy,embalmer,survivor,easy,real_name,該角色的本名是？,伊索·卡爾,"[""里奧·貝克"",""伊索·卡爾"",""格蕾絲·伍德""]"
embalmer_alias_easy,embalmer,survivor,easy,alias,玩家可能怎麼稱呼該角色？,殮殮,"[""殮殮"",""占占"",""大表哥""]"
embalmer_camp_easy,embalmer,survivor,easy,camp,該角色的陣營是？,求生者,"[""監管者"",""求生者""]"
embalmer_birthday_or_anniversary_easy,embalmer,survivor,easy,birthday_or_anniversary,該角色的生日／紀念日是？,5月11日,"[""8月4日"",""11月13日"",""5月11日""]"
embalmer_age_easy,embalmer,survivor,easy,age,該角色的年齡是？,21,"[""21"",""35"",""28""]"
embalmer_gender_easy,embalmer,survivor,easy,gender,該角色的性別是？,男,"[""男"",""女""]"
embalmer_likes_easy,embalmer,survivor,easy,likes,該角色喜歡？,逝者,"[""逝者"",""新奇的生物"",""飛禽""]"
embalmer_dislikes_easy,embalmer,survivor,easy,dislikes,該角色討厭？,活人,"[""活人"",""老鼠、狐狸"",""昆蟲""]"
embalmer_representative_s_tier_costume_easy,embalmer,survivor,easy,representative_s_tier_costume,該角色擁有哪些時裝？,驅魔人,"[""不會枯萎的花"",""驅魔人"",""炎火之怒""]"
embalmer_representative_a_tier_costume_easy,embalmer,survivor,easy,representative_a_tier_costume,該角色擁有哪些時裝？,"變彩、""溫室""","[""\""夜魔\""、籠中偶"",""變彩、\""溫室\"""",""獵龍者""]"
embalmer_abyss_s_or_a_costume_easy,embalmer,survivor,easy,abyss_s_or_a_costume,該角色擁有哪些時裝？,"哈姆雷特、""盲區""、""加特""","[""樹形背景板、搗蛋裘克、稻草人"",""哈姆雷特、\""盲區\""、\""加特\"""",""聖誕沙龍、竊夢行者、猙""]"
embalmer_cn_release_date_hard,embalmer,survivor,hard,cn_release_date,該角色的上線日期為？,2018-12-06,"[""2022-04-28"",""2018-12-06"",""2019-09-26""]"
embalmer_cn_voice_actor_hard,embalmer,survivor,hard,cn_voice_actor,該角色的中文配音演員為？,劉雨軒,"[""劉雨軒"",""孟祥龍"",""劉以嘉""]"
embalmer_experiment_code_hard,embalmer,survivor,hard,experiment_code,該角色的實驗代號為？,3-?-1,"[""8-0-1"",""3-?-1"",""6-?-3""]"
prospector_manor_name_easy,prospector,survivor,easy,manor_name,該角色在莊園的名字是？,諾頓·坎貝爾,"[""庫特·弗蘭克"",""桑格莉婭"",""諾頓·坎貝爾""]"
prospector_real_name_easy,prospector,survivor,easy,real_name,該角色的本名是？,諾頓·坎貝爾,"[""約瑟夫·德拉索恩斯"",""格蕾絲·伍德"",""諾頓·坎貝爾""]"
prospector_alias_easy,prospector,survivor,easy,alias,玩家可能怎麼稱呼該角色？,憨蛋,"[""憨蛋"",""曲曲"",""空姐""]"
prospector_camp_easy,prospector,survivor,easy,camp,該角色的陣營是？,求生者,"[""求生者"",""監管者""]"
prospector_birthday_or_anniversary_easy,prospector,survivor,easy,birthday_or_anniversary,該角色的生日／紀念日是？,3月19日,"[""5月21日"",""3月19日"",""12月7日""]"
prospector_age_easy,prospector,survivor,easy,age,該角色的年齡是？,28,"[""28"",""27"",""35""]"
prospector_gender_easy,prospector,survivor,easy,gender,該角色的性別是？,男,"[""女"",""男""]"
prospector_likes_easy,prospector,survivor,easy,likes,該角色喜歡？,貴重金屬、天然寶石,"[""貴重金屬、天然寶石"",""珠寶、華服、箱包"",""機械玩偶""]"
prospector_dislikes_easy,prospector,survivor,easy,dislikes,該角色討厭？,漆黑封閉的環境,"[""漆黑封閉的環境"",""骯髒破敗的物品、醫療材料的消毒液味道"",""老鼠、狐狸""]"
prospector_representative_s_tier_costume_easy,prospector,survivor,easy,representative_s_tier_costume,該角色擁有哪些時裝？,引魂人,"[""引魂人"",""初擁"",""變臉王""]"
prospector_representative_a_tier_costume_easy,prospector,survivor,easy,representative_a_tier_costume,該角色擁有哪些時裝？,梟徒、盛夏飛盤,"[""梟徒、盛夏飛盤"",""神眷、東風遙"",""\""膨化\""、LEONARD""]"
prospector_abyss_s_or_a_costume_easy,prospector,survivor,easy,abyss_s_or_a_costume,該角色擁有哪些時裝？,璀璨的孤狼、黑鬱金香、雀舌,"[""璀璨的孤狼、黑鬱金香、雀舌"",""哈姆雷特、\""盲區\""、\""加特\"""",""\""D.M\""、宿醉、浮士德""]"
prospector_cn_release_date_hard,prospector,survivor,hard,cn_release_date,該角色的上線日期為？,2019-02-28,"[""2018-04-19"",""2019-02-28"",""2019-03-21""]"
prospector_cn_voice_actor_hard,prospector,survivor,hard,cn_voice_actor,該角色的中文配音演員為？,劉雨軒,"[""謝瑩"",""劉雨軒"",""穆雪婷""]"
curse_user_manor_name_easy,curse_user,survivor,easy,manor_name,該角色在莊園的名字是？,帕緹夏·多里瓦爾,"[""伊芙琳·莫雷"",""帕緹夏·多里瓦爾"",""瑪格麗莎·澤萊""]"
curse_user_real_name_easy,curse_user,survivor,easy,real_name,該角色的本名是？,帕緹夏·多里瓦爾,"[""馬蒂亞斯·切爾寧"",""帕緹夏·多里瓦爾"",""梅莉·恩德洛武""]"
curse_user_alias_easy,curse_user,survivor,easy,alias,玩家可能怎麼稱呼該角色？,咒咒國王,"[""牢飛"",""掏哥"",""咒咒國王""]"
curse_user_camp_easy,curse_user,survivor,easy,camp,該角色的陣營是？,求生者,"[""求生者"",""監管者""]"
curse_user_birthday_or_anniversary_easy,curse_user,survivor,easy,birthday_or_anniversary,該角色的生日／紀念日是？,1月3日,"[""10月4日"",""4月2日"",""1月3日""]"
curse_user_age_easy,curse_user,survivor,easy,age,該角色的年齡是？,35,"[""22"",""35"",""24""]"
curse_user_gender_easy,curse_user,survivor,easy,gender,該角色的性別是？,女,"[""女"",""男""]"
curse_user_likes_easy,curse_user,survivor,easy,likes,該角色喜歡？,草藥、木雕、黃金飾品,"[""狩獵製品、武器"",""草藥、木雕、黃金飾品"",""獅子、舞台燈""]"
curse_user_dislikes_easy,curse_user,survivor,easy,dislikes,該角色討厭？,猴子,"[""猴子"",""音樂"",""被溺愛的孩子，情感不和的兄弟姐妹""]"
curse_user_representative_s_tier_costume_easy,curse_user,survivor,easy,representative_s_tier_costume,該角色擁有哪些時裝？,"""宿命""","[""司藥"",""\""宿命\"""",""星空之翼""]"
curse_user_representative_a_tier_costume_easy,curse_user,survivor,easy,representative_a_tier_costume,該角色擁有哪些時裝？,陌路仙蹤、夜之商籟,"[""獵龍者"",""海德先生、潰夜獵者、聖潔"",""陌路仙蹤、夜之商籟""]"
curse_user_abyss_s_or_a_costume_easy,curse_user,survivor,easy,abyss_s_or_a_costume,該角色擁有哪些時裝？,灰燼狂想、祖祖、緘默者,"[""沉眠的兔先生、\""黑鼻子\""、蠻牛之力"",""灰燼狂想、祖祖、緘默者"",""雪上小王子、露營日、慟哭""]"
curse_user_cn_release_date_hard,curse_user,survivor,hard,cn_release_date,該角色的上線日期為？,2019-03-21,"[""2019-03-21"",""2019-08-27"",""2020-06-24""]"
curse_user_cn_voice_actor_hard,curse_user,survivor,hard,cn_voice_actor,該角色的中文配音演員為？,周帥,"[""周帥"",""翟巍"",""杜晴晴""]"
curse_user_experiment_code_hard,curse_user,survivor,hard,experiment_code,該角色的實驗代號為？,5-?-5,"[""3-?-3"",""6-0-5"",""5-?-5""]"
wildling_manor_name_easy,wildling,survivor,easy,manor_name,該角色在莊園的名字是？,穆羅,"[""裘克"",""穆羅"",""伊德海拉""]"
wildling_real_name_easy,wildling,survivor,easy,real_name,該角色的本名是？,穆羅,"[""阿曼達·加蒂斯"",""穆羅"",""海倫娜·亞當斯""]"
wildling_former_name_easy,wildling,survivor,easy,former_name,該角色的曾用名是？,穆羅·莫頓,"[""羅伊·卡斐"",""艾維·勞森"",""穆羅·莫頓""]"
wildling_alias_easy,wildling,survivor,easy,alias,玩家可能怎麼稱呼該角色？,豬豬俠,"[""小羅比"",""麥麥頭"",""豬豬俠""]"
wildling_camp_easy,wildling,survivor,easy,camp,該角色的陣營是？,求生者,"[""監管者"",""求生者""]"
wildling_birthday_or_anniversary_easy,wildling,survivor,easy,birthday_or_anniversary,該角色的生日／紀念日是？,4月30日,"[""4月30日"",""11月17日"",""5月18日""]"
wildling_age_easy,wildling,survivor,easy,age,該角色的年齡是？,45,"[""45"",""25"",""30""]"
wildling_gender_easy,wildling,survivor,easy,gender,該角色的性別是？,男,"[""女"",""男""]"
wildling_likes_easy,wildling,survivor,easy,likes,該角色喜歡？,森林、安靜的地方,"[""詩歌、甜食"",""森林、安靜的地方"",""彎刀、有月光的夜晚""]"
wildling_dislikes_easy,wildling,survivor,easy,dislikes,該角色討厭？,城市、喧囂的地方,"[""陽光、火把"",""城市、喧囂的地方"",""睡眠、縫紉、狂信徒""]"
wildling_representative_s_tier_costume_easy,wildling,survivor,easy,representative_s_tier_costume,該角色擁有哪些時裝？,大英雄,"[""岩鴿"",""大英雄"",""星之王""]"
wildling_representative_a_tier_costume_easy,wildling,survivor,easy,representative_a_tier_costume,該角色擁有哪些時裝？,童話國,"[""總裁判長、盛夏光影"",""神眷、東風遙"",""童話國""]"
wildling_abyss_s_or_a_costume_easy,wildling,survivor,easy,abyss_s_or_a_costume,該角色擁有哪些時裝？,雪原獵人、弄臣、青須的公爵,"[""瓊樓遺恨、愛神之吻、黑天鵝之羽"",""雪原獵人、弄臣、青須的公爵"",""賓漢、畢業日、冬蟬""]"
wildling_cn_release_date_hard,wildling,survivor,hard,cn_release_date,該角色的上線日期為？,2019-05-09,"[""2018-09-13"",""2019-05-09"",""2020-02-27""]"
wildling_cn_voice_actor_hard,wildling,survivor,hard,cn_voice_actor,該角色的中文配音演員為？,劉垚,"[""劉垚"",""秦文靜"",""樊浩宇""]"
wildling_experiment_code_hard,wildling,survivor,hard,experiment_code,該角色的實驗代號為？,8-?-5,"[""8-?-5"",""6-1-4"",""10-0-2/11-1-1""]"
acrobat_manor_name_easy,acrobat,survivor,easy,manor_name,該角色在莊園的名字是？,麥克·莫頓,"[""伊芙琳·莫雷"",""麥克·莫頓"",""艾格·瓦爾登""]"
acrobat_real_name_easy,acrobat,survivor,easy,real_name,該角色的本名是？,麥克·莫頓,"[""埃弗隆·懷茲"",""馬蒂亞斯·切爾寧"",""麥克·莫頓""]"
acrobat_alias_easy,acrobat,survivor,easy,alias,玩家可能怎麼稱呼該角色？,麥麥頭,"[""麥麥頭"",""挖寶男孩"",""iv""]"
acrobat_camp_easy,acrobat,survivor,easy,camp,該角色的陣營是？,求生者,"[""監管者"",""求生者""]"
acrobat_birthday_or_anniversary_easy,acrobat,survivor,easy,birthday_or_anniversary,該角色的生日／紀念日是？,6月1日,"[""6月1日"",""5月2日"",""8月11日""]"
acrobat_age_easy,acrobat,survivor,easy,age,該角色的年齡是？,22,"[""22"",""32"",""28""]"
acrobat_gender_easy,acrobat,survivor,easy,gender,該角色的性別是？,男,"[""男"",""女""]"
acrobat_likes_easy,acrobat,survivor,easy,likes,該角色喜歡？,獅子、舞台燈,"[""獅子、舞台燈"",""夏季"",""機油、蝴蝶結""]"
acrobat_dislikes_easy,acrobat,survivor,easy,dislikes,該角色討厭？,暴力和粗魯的傢伙,"[""猴子"",""暴力和粗魯的傢伙"",""欺騙、教條主義""]"
acrobat_representative_s_tier_costume_easy,acrobat,survivor,easy,representative_s_tier_costume,該角色擁有哪些時裝？,雨燕先生,"[""KING-h1"",""欺惑之燕"",""雨燕先生""]"
acrobat_representative_a_tier_costume_easy,acrobat,survivor,easy,representative_a_tier_costume,該角色擁有哪些時裝？,茶話會、祈雨珠,"[""茶話會、祈雨珠"",""黑鷲"",""獵龍者""]"
acrobat_abyss_s_or_a_costume_easy,acrobat,survivor,easy,abyss_s_or_a_costume,該角色擁有哪些時裝？,機靈鬼、ACE、可可豆,"[""雪原獵人、弄臣、青須的公爵"",""機靈鬼、ACE、可可豆"",""小明星、BISHOP-f1、OPH. LILY""]"
acrobat_cn_release_date_hard,acrobat,survivor,hard,cn_release_date,該角色的上線日期為？,2019-06-27,"[""2018-04-05"",""2019-06-27"",""2021-10-14""]"
acrobat_cn_voice_actor_hard,acrobat,survivor,hard,cn_voice_actor,該角色的中文配音演員為？,翟巍,"[""孫曄"",""翟巍"",""劉垚""]"
acrobat_experiment_code_hard,acrobat,survivor,hard,experiment_code,該角色的實驗代號為？,8-?-2,"[""8-?-2"",""6-1-4"",""9-?-2""]"
first_mate_manor_name_easy,first_mate,survivor,easy,manor_name,該角色在莊園的名字是？,何塞·巴登,"[""“奧爾菲斯”"",""何塞·巴登"",""查理斯·霍爾特""]"
first_mate_real_name_easy,first_mate,survivor,easy,real_name,該角色的本名是？,何塞·巴登,"[""何塞·巴登"",""阿曼達·加蒂斯"",""弗雷德里克·克雷伯格""]"
first_mate_alias_easy,first_mate,survivor,easy,alias,玩家可能怎麼稱呼該角色？,大表哥,"[""舞舞"",""跳跳蜥"",""大表哥""]"
first_mate_camp_easy,first_mate,survivor,easy,camp,該角色的陣營是？,求生者,"[""求生者"",""監管者""]"
first_mate_birthday_or_anniversary_easy,first_mate,survivor,easy,birthday_or_anniversary,該角色的生日／紀念日是？,9月24日,"[""2月14日"",""9月24日"",""5月21日""]"
first_mate_age_easy,first_mate,survivor,easy,age,該角色的年齡是？,25,"[""21"",""25"",""27""]"
first_mate_gender_easy,first_mate,survivor,easy,gender,該角色的性別是？,男,"[""男"",""女""]"
first_mate_likes_easy,first_mate,survivor,easy,likes,該角色喜歡？,有品位的奢侈品,"[""溫柔的人"",""有品位的奢侈品"",""松露蛋糕、希臘神話""]"
first_mate_dislikes_easy,first_mate,survivor,easy,dislikes,該角色討厭？,音樂,"[""潮濕、陰暗"",""郊狼"",""音樂""]"
first_mate_representative_s_tier_costume_easy,first_mate,survivor,easy,representative_s_tier_costume,該角色擁有哪些時裝？,蜉蝣一晌,"[""蜉蝣一晌"",""\""自由領袖\""D"",""驚鴻""]"
first_mate_representative_a_tier_costume_easy,first_mate,survivor,easy,representative_a_tier_costume,該角色擁有哪些時裝？,鐵鉤船長、明智吾郎,"[""納西瑟斯、黃金比例"",""鐵鉤船長、明智吾郎"",""測量者、\""守財奴\""、禁閉院長""]"
first_mate_abyss_s_or_a_costume_easy,first_mate,survivor,easy,abyss_s_or_a_costume,該角色擁有哪些時裝？,起航日、霜焰特調、尋星者,"[""起航日、霜焰特調、尋星者"",""羅密歐、湖中影、瑪吉努"",""璀璨的孤狼、黑鬱金香、雀舌""]"
first_mate_cn_release_date_hard,first_mate,survivor,hard,cn_release_date,該角色的上線日期為？,2019-07-18,"[""2018-09-27"",""2018-04-02"",""2019-07-18""]"
first_mate_cn_voice_actor_hard,first_mate,survivor,hard,cn_voice_actor,該角色的中文配音演員為？,劉以嘉,"[""陳昊天"",""劉以嘉"",""武向彤""]"
first_mate_experiment_code_hard,first_mate,survivor,hard,experiment_code,該角色的實驗代號為？,5-0-3,"[""0-0-3/0-1-3"",""2-1-1"",""5-0-3""]"
bartender_manor_name_easy,bartender,survivor,easy,manor_name,該角色在莊園的名字是？,黛米·波本,"[""莉莉·巴利爾"",""弗雷德里克·克雷伯格"",""黛米·波本""]"
bartender_real_name_easy,bartender,survivor,easy,real_name,該角色的本名是？,黛米·波本,"[""諾頓·坎貝爾"",""黛米·波本"",""克萊奧·德克魯""]"
bartender_alias_easy,bartender,survivor,easy,alias,玩家可能怎麼稱呼該角色？,大米,"[""丑皇"",""iv"",""大米""]"
bartender_camp_easy,bartender,survivor,easy,camp,該角色的陣營是？,求生者,"[""監管者"",""求生者""]"
bartender_birthday_or_anniversary_easy,bartender,survivor,easy,birthday_or_anniversary,該角色的生日／紀念日是？,2月14日,"[""2月14日"",""10月10日"",""5月29日""]"
bartender_age_easy,bartender,survivor,easy,age,該角色的年齡是？,22,"[""30"",""22"",""35""]"
bartender_gender_easy,bartender,survivor,easy,gender,該角色的性別是？,女,"[""男"",""女""]"
bartender_likes_easy,bartender,survivor,easy,likes,該角色喜歡？,酒、音樂、錢,"[""酒、音樂、錢"",""圖書館、家人、深秋"",""獅子、舞台燈""]"
bartender_dislikes_easy,bartender,survivor,easy,dislikes,該角色討厭？,疼痛、醫院,"[""老鼠、狐狸"",""疼痛、醫院"",""淺薄無知的人、不受控制的事""]"
bartender_representative_s_tier_costume_easy,bartender,survivor,easy,representative_s_tier_costume,該角色擁有哪些時裝？,破碎的芙拉吉爾,"[""烏撒來客"",""破碎的芙拉吉爾"",""星之王""]"
bartender_representative_a_tier_costume_easy,bartender,survivor,easy,representative_a_tier_costume,該角色擁有哪些時裝？,海鹽特調、裁決之酒,"[""聞雷爪"",""\""膨化\""、LEONARD"",""海鹽特調、裁決之酒""]"
bartender_abyss_s_or_a_costume_easy,bartender,survivor,easy,abyss_s_or_a_costume,該角色擁有哪些時裝？,"""宴舞""、逆旅驚魂、逐浪的玫瑰","[""\""宴舞\""、逆旅驚魂、逐浪的玫瑰"",""嗜金海怪、海怪船長"",""多色印刷、達芬奇、掌中篆記""]"
bartender_cn_release_date_hard,bartender,survivor,hard,cn_release_date,該角色的上線日期為？,2019-09-26,"[""2019-09-26"",""2018-04-05"",""2022-12-01""]"
bartender_cn_voice_actor_hard,bartender,survivor,hard,cn_voice_actor,該角色的中文配音演員為？,張安琪,"[""穆雪婷"",""劉飛"",""張安琪""]"
bartender_experiment_code_hard,bartender,survivor,hard,experiment_code,該角色的實驗代號為？,6-?-3,"[""6-?-3"",""2-0-2"",""3-1-2""]"
postman_manor_name_easy,postman,survivor,easy,manor_name,該角色在莊園的名字是？,維克多·葛蘭茲,"[""維克多·葛蘭茲"",""馬蒂亞斯·切爾寧"",""溫迪·福特""]"
postman_real_name_easy,postman,survivor,easy,real_name,該角色的本名是？,維克多·葛蘭茲,"[""馬庫斯·索恩"",""維克多·葛蘭茲"",""諾頓·坎貝爾""]"
postman_alias_easy,postman,survivor,easy,alias,玩家可能怎麼稱呼該角色？,uu,"[""月亮河之母"",""蝶后"",""uu""]"
postman_camp_easy,postman,survivor,easy,camp,該角色的陣營是？,求生者,"[""監管者"",""求生者""]"
postman_birthday_or_anniversary_easy,postman,survivor,easy,birthday_or_anniversary,該角色的生日／紀念日是？,12月25日,"[""11月13日"",""4月3日"",""12月25日""]"
postman_age_easy,postman,survivor,easy,age,該角色的年齡是？,23,"[""22"",""23"",""30""]"
postman_gender_easy,postman,survivor,easy,gender,該角色的性別是？,男,"[""女"",""男""]"
postman_likes_easy,postman,survivor,easy,likes,該角色喜歡？,動物、小花,"[""動物、小花"",""飛禽"",""酒、音樂、錢""]"
postman_dislikes_easy,postman,survivor,easy,dislikes,該角色討厭？,被其他人注視或者談論,"[""被溺愛的孩子，情感不和的兄弟姐妹"",""被其他人注視或者談論"",""無用的、聒噪的人或物""]"
postman_representative_s_tier_costume_easy,postman,survivor,easy,representative_s_tier_costume,該角色擁有哪些時裝？,初擁,"[""征服"",""亡靈之主"",""初擁""]"
postman_representative_a_tier_costume_easy,postman,survivor,easy,representative_a_tier_costume,該角色擁有哪些時裝？,聖誕信使,"[""此地禁行"",""聖誕信使"",""查吉、狂歡時刻、裁紙機""]"
postman_abyss_s_or_a_costume_easy,postman,survivor,easy,abyss_s_or_a_costume,該角色擁有哪些時裝？,"潘塔龍、秋日隨想、""亡靈""","[""警醒的龜先生、發明家、愛麗絲"",""船影、春信、逆刃之鞭"",""潘塔龍、秋日隨想、\""亡靈\""""]"
postman_cn_release_date_hard,postman,survivor,hard,cn_release_date,該角色的上線日期為？,2019-12-08,"[""2025-05-22"",""2019-12-08"",""2021-11-18""]"
postman_cn_voice_actor_hard,postman,survivor,hard,cn_voice_actor,該角色的中文配音演員為？,劉垚,"[""孫曄"",""金娜"",""劉垚""]"
postman_experiment_code_hard,postman,survivor,hard,experiment_code,該角色的實驗代號為？,3-?-3,"[""0-0-3/0-1-3"",""11-0-2"",""3-?-3""]"
tomb_keeper_manor_name_easy,tomb_keeper,survivor,easy,manor_name,該角色在莊園的名字是？,安德魯·克雷斯,"[""安德魯·克雷斯"",""麥克·莫頓"",""“奧爾菲斯”""]"
tomb_keeper_real_name_easy,tomb_keeper,survivor,easy,real_name,該角色的本名是？,安德魯·克雷斯,"[""維克多·葛蘭茲"",""安德魯·克雷斯"",""阿爾瓦·洛倫茲""]"
tomb_keeper_alias_easy,tomb_keeper,survivor,easy,alias,玩家可能怎麼稱呼該角色？,掏哥,"[""皮皮善"",""掏哥"",""牢飛""]"
tomb_keeper_camp_easy,tomb_keeper,survivor,easy,camp,該角色的陣營是？,求生者,"[""監管者"",""求生者""]"
tomb_keeper_birthday_or_anniversary_easy,tomb_keeper,survivor,easy,birthday_or_anniversary,該角色的生日／紀念日是？,2月13日,"[""11月22日"",""12月22日"",""2月13日""]"
tomb_keeper_age_easy,tomb_keeper,survivor,easy,age,該角色的年齡是？,24,"[""21"",""24"",""28""]"
tomb_keeper_gender_easy,tomb_keeper,survivor,easy,gender,該角色的性別是？,男,"[""男"",""女""]"
tomb_keeper_likes_easy,tomb_keeper,survivor,easy,likes,該角色喜歡？,紫色鳶尾、沙漏、墓誌銘,"[""美麗的"",""有霧的夜晚"",""紫色鳶尾、沙漏、墓誌銘""]"
tomb_keeper_dislikes_easy,tomb_keeper,survivor,easy,dislikes,該角色討厭？,陽光、火把,"[""陽光、火把"",""尖音、白色、鏡子"",""無用的、聒噪的人或物""]"
tomb_keeper_representative_s_tier_costume_easy,tomb_keeper,survivor,easy,representative_s_tier_costume,該角色擁有哪些時裝？,半精靈騎士,"[""半精靈騎士"",""\""鬼燭\"""",""血宴""]"
tomb_keeper_representative_a_tier_costume_easy,tomb_keeper,survivor,easy,representative_a_tier_costume,該角色擁有哪些時裝？,日落黃沙,"[""日落黃沙"",""民謠樂手、煉獄奏曲"",""\""稻草人\""、鬥牛士之吻、領頭羊""]"
tomb_keeper_abyss_s_or_a_costume_easy,tomb_keeper,survivor,easy,abyss_s_or_a_costume,該角色擁有哪些時裝？,壁畫修復員、墓誌銘、家園設計師,"[""羅密歐、湖中影、瑪吉努"",""灰燼狂想、祖祖、緘默者"",""壁畫修復員、墓誌銘、家園設計師""]"
tomb_keeper_cn_release_date_hard,tomb_keeper,survivor,hard,cn_release_date,該角色的上線日期為？,2020-02-27,"[""2019-09-26"",""2026-04-23"",""2020-02-27""]"
tomb_keeper_cn_voice_actor_hard,tomb_keeper,survivor,hard,cn_voice_actor,該角色的中文配音演員為？,馬洋,"[""薛諒"",""馬洋"",""安志""]"
tomb_keeper_experiment_code_hard,tomb_keeper,survivor,hard,experiment_code,該角色的實驗代號為？,3-0-1,"[""2-0-2"",""3-0-1"",""6-0-5""]"
prisoner_manor_name_easy,prisoner,survivor,easy,manor_name,該角色在莊園的名字是？,盧卡·巴爾薩,"[""盧卡·巴爾薩"",""查理斯·霍爾特"",""瓦倫蒂娜·雅加·瓦西裡耶娃""]"
prisoner_real_name_easy,prisoner,survivor,easy,real_name,該角色的本名是？,盧卡斯·巴爾薩克,"[""奈布·薩貝達"",""柯根·尼古拉斯·基奧"",""盧卡斯·巴爾薩克""]"
prisoner_former_name_easy,prisoner,survivor,easy,former_name,該角色的曾用名是？,盧卡斯·巴爾薩克,"[""伊塔·維魯弗"",""羅比·懷特"",""盧卡斯·巴爾薩克""]"
prisoner_nickname_easy,prisoner,survivor,easy,nickname,該角色的小名是？,小洛倫茲,"[""小洛倫茲"",""蕭七"",""小幸""]"
prisoner_alias_easy,prisoner,survivor,easy,alias,玩家可能怎麼稱呼該角色？,電擊小子,"[""電擊小子"",""哭丑"",""愛美麗""]"
prisoner_camp_easy,prisoner,survivor,easy,camp,該角色的陣營是？,求生者,"[""求生者"",""監管者""]"
prisoner_birthday_or_anniversary_easy,prisoner,survivor,easy,birthday_or_anniversary,該角色的生日／紀念日是？,7月10日,"[""5月2日"",""7月10日"",""7月30日""]"
prisoner_age_easy,prisoner,survivor,easy,age,該角色的年齡是？,21,"[""32"",""21"",""30""]"
prisoner_gender_easy,prisoner,survivor,easy,gender,該角色的性別是？,男,"[""女"",""男""]"
prisoner_likes_easy,prisoner,survivor,easy,likes,該角色喜歡？,書籍、音樂、科學實驗,"[""新奇的生物"",""書籍、音樂、科學實驗"",""家人""]"
prisoner_dislikes_easy,prisoner,survivor,easy,dislikes,該角色討厭？,尖音、刑具,"[""寒冷"",""尖音、刑具"",""猴子""]"
prisoner_representative_s_tier_costume_easy,prisoner,survivor,easy,representative_s_tier_costume,該角色擁有哪些時裝？,蝰,"[""岩鴿"",""招風旗"",""蝰""]"
prisoner_representative_a_tier_costume_easy,prisoner,survivor,easy,representative_a_tier_costume,該角色擁有哪些時裝？,黎明賦格、靈犀妙探,"[""黎明賦格、靈犀妙探"",""海鹽特調、裁決之酒"",""熔岩蛋糕""]"
prisoner_abyss_s_or_a_costume_easy,prisoner,survivor,easy,abyss_s_or_a_costume,該角色擁有哪些時裝？,賓漢、畢業日、冬蟬,"[""壁畫修復員、墓誌銘、家園設計師"",""賓漢、畢業日、冬蟬"",""灰燼狂想、祖祖、緘默者""]"
prisoner_cn_release_date_hard,prisoner,survivor,hard,cn_release_date,該角色的上線日期為？,2020-03-19,"[""2020-03-19"",""2018-11-15"",""2025-01-23""]"
prisoner_cn_voice_actor_hard,prisoner,survivor,hard,cn_voice_actor,該角色的中文配音演員為？,翟巍,"[""王宇航"",""翟巍"",""杜晴晴""]"
prisoner_experiment_code_hard,prisoner,survivor,hard,experiment_code,該角色的實驗代號為？,10-0-2/11-1-1,"[""10-0-2/11-1-1"",""11-0-3"",""0-0-1""]"
entomologist_manor_name_easy,entomologist,survivor,easy,manor_name,該角色在莊園的名字是？,梅莉·普林尼,"[""伊塔庫亞"",""傑克"",""梅莉·普林尼""]"
entomologist_real_name_easy,entomologist,survivor,easy,real_name,該角色的本名是？,梅莉·恩德洛武,"[""梅莉·恩德洛武"",""蕭遙"",""邦邦""]"
entomologist_former_name_easy,entomologist,survivor,easy,former_name,該角色的曾用名是？,梅莉·恩德洛武,"[""班恩·佩雷茲"",""梅莉·恩德洛武"",""娜塔莉""]"
entomologist_alias_easy,entomologist,survivor,easy,alias,玩家可能怎麼稱呼該角色？,梅莉寶寶,"[""法拉蛛"",""貓貓人"",""梅莉寶寶""]"
entomologist_camp_easy,entomologist,survivor,easy,camp,該角色的陣營是？,求生者,"[""監管者"",""求生者""]"
entomologist_birthday_or_anniversary_easy,entomologist,survivor,easy,birthday_or_anniversary,該角色的生日／紀念日是？,12月22日,"[""9月24日"",""2月13日"",""12月22日""]"
entomologist_age_easy,entomologist,survivor,easy,age,該角色的年齡是？,28,"[""22"",""28"",""21""]"
entomologist_gender_easy,entomologist,survivor,easy,gender,該角色的性別是？,女,"[""女"",""男""]"
entomologist_likes_easy,entomologist,survivor,easy,likes,該角色喜歡？,蜂蜜、鮮花、帽子,"[""蜂蜜、鮮花、帽子"",""水"",""結構精密的機械、啤酒、工程學書籍""]"
entomologist_dislikes_easy,entomologist,survivor,easy,dislikes,該角色討厭？,尖音、白色、鏡子,"[""尖銳的東西"",""槍、獸夾陷阱"",""尖音、白色、鏡子""]"
entomologist_representative_s_tier_costume_easy,entomologist,survivor,easy,representative_s_tier_costume,該角色擁有哪些時裝？,"""鬼燭""","[""克拉肯"",""闔家宴"",""\""鬼燭\""""]"
entomologist_representative_a_tier_costume_easy,entomologist,survivor,easy,representative_a_tier_costume,該角色擁有哪些時裝？,箜篌、索菲亞,"[""小人國"",""箜篌、索菲亞"",""紅衣人、至萬千無言者""]"
entomologist_abyss_s_or_a_costume_easy,entomologist,survivor,easy,abyss_s_or_a_costume,該角色擁有哪些時裝？,荒原之花、菲麗絲、曼陀羅,"[""荒原之花、菲麗絲、曼陀羅"",""羅密歐、湖中影、瑪吉努"",""\""無用功\""G、反骨之縛、鎢""]"
entomologist_cn_release_date_hard,entomologist,survivor,hard,cn_release_date,該角色的上線日期為？,2020-06-24,"[""2018-09-13"",""2020-06-24"",""2020-03-19""]"
entomologist_cn_voice_actor_hard,entomologist,survivor,hard,cn_voice_actor,該角色的中文配音演員為？,黃鶯,"[""孫曄"",""黃鶯"",""劉垚""]"
painter_manor_name_easy,painter,survivor,easy,manor_name,該角色在莊園的名字是？,艾格·瓦爾登,"[""威廉·艾利斯"",""弗雷迪·萊利"",""艾格·瓦爾登""]"
painter_real_name_easy,painter,survivor,easy,real_name,該角色的本名是？,艾格·瓦爾登,"[""穆羅"",""艾格·瓦爾登"",""何塞·巴登""]"
painter_alias_easy,painter,survivor,easy,alias,玩家可能怎麼稱呼該角色？,畫畫,"[""小特"",""牢飛"",""畫畫""]"
painter_camp_easy,painter,survivor,easy,camp,該角色的陣營是？,求生者,"[""求生者"",""監管者""]"
painter_birthday_or_anniversary_easy,painter,survivor,easy,birthday_or_anniversary,該角色的生日／紀念日是？,4月23日,"[""4月23日"",""12月7日"",""11月13日""]"
painter_age_easy,painter,survivor,easy,age,該角色的年齡是？,21,"[""21"",""30"",""32""]"
painter_gender_easy,painter,survivor,easy,gender,該角色的性別是？,男,"[""男"",""女""]"
painter_likes_easy,painter,survivor,easy,likes,該角色喜歡？,美麗的、充滿藝術感的人或物,"[""黑暗的環境、優酪乳牛肉、雨天"",""新奇的生物"",""美麗的、充滿藝術感的人或物""]"
painter_dislikes_easy,painter,survivor,easy,dislikes,該角色討厭？,無用的、聒噪的人或物,"[""無用的、聒噪的人或物"",""狩獵者、看書"",""老鼠、狐狸""]"
painter_representative_s_tier_costume_easy,painter,survivor,easy,representative_s_tier_costume,該角色擁有哪些時裝？,交響挽歌,"[""交響挽歌"",""國王的裁縫"",""三面神""]"
painter_representative_a_tier_costume_easy,painter,survivor,easy,representative_a_tier_costume,該角色擁有哪些時裝？,納西瑟斯、黃金比例,"[""竹華、花嫁"",""納西瑟斯、黃金比例"",""查吉、狂歡時刻、裁紙機""]"
painter_abyss_s_or_a_costume_easy,painter,survivor,easy,abyss_s_or_a_costume,該角色擁有哪些時裝？,多色印刷、達芬奇、掌中篆記,"[""多色印刷、達芬奇、掌中篆記"",""灰燼狂想、祖祖、緘默者"",""\""無用功\""G、反骨之縛、鎢""]"
painter_cn_release_date_hard,painter,survivor,hard,cn_release_date,該角色的上線日期為？,2020-09-24,"[""2021-10-14"",""2020-09-24"",""2022-04-06""]"
painter_cn_voice_actor_hard,painter,survivor,hard,cn_voice_actor,該角色的中文配音演員為？,薛諒,"[""薛諒"",""黃鶯"",""陳昊天""]"
painter_experiment_code_hard,painter,survivor,hard,experiment_code,該角色的實驗代號為？,5-?-1,"[""9-?-2"",""4-0-3"",""5-?-1""]"
batter_manor_name_easy,batter,survivor,easy,manor_name,該角色在莊園的名字是？,甘吉·古普塔,"[""盧基諾·迪魯西"",""甘吉·古普塔"",""裘克""]"
batter_real_name_easy,batter,survivor,easy,real_name,該角色的本名是？,甘吉·古普塔,"[""甘吉·古普塔"",""馬庫斯·索恩"",""瑟維·勒·羅伊""]"
batter_alias_easy,batter,survivor,easy,alias,玩家可能怎麼稱呼該角色？,擊仔,"[""開塞露"",""空姐"",""擊仔""]"
batter_camp_easy,batter,survivor,easy,camp,該角色的陣營是？,求生者,"[""監管者"",""求生者""]"
batter_birthday_or_anniversary_easy,batter,survivor,easy,birthday_or_anniversary,該角色的生日／紀念日是？,5月29日,"[""9月13日"",""5月15日"",""5月29日""]"
batter_age_easy,batter,survivor,easy,age,該角色的年齡是？,21,"[""21"",""28"",""25""]"
batter_gender_easy,batter,survivor,easy,gender,該角色的性別是？,男,"[""男"",""女""]"
batter_likes_easy,batter,survivor,easy,likes,該角色喜歡？,玩耍、玩具、花草、板球,"[""彎刀、有月光的夜晚"",""遊記、小說"",""玩耍、玩具、花草、板球""]"
batter_dislikes_easy,batter,survivor,easy,dislikes,該角色討厭？,高牆、電網,"[""猴子"",""寒冷"",""高牆、電網""]"
batter_representative_s_tier_costume_easy,batter,survivor,easy,representative_s_tier_costume,該角色擁有哪些時裝？,冠軍舵手,"[""克拉肯"",""冠軍舵手"",""火車頭""]"
batter_representative_a_tier_costume_easy,batter,survivor,easy,representative_a_tier_costume,該角色擁有哪些時裝？,熔岩蛋糕,"[""與風共舞、向深處求告、芳澤霞"",""翦燭、忘川渡人"",""熔岩蛋糕""]"
batter_abyss_s_or_a_costume_easy,batter,survivor,easy,abyss_s_or_a_costume,該角色擁有哪些時裝？,"""無用功""G、反骨之縛、鎢","[""匣中夢、浴石商人、咫尺微光"",""羅密歐、湖中影、瑪吉努"",""\""無用功\""G、反骨之縛、鎢""]"
batter_cn_release_date_hard,batter,survivor,hard,cn_release_date,該角色的上線日期為？,2020-12-24,"[""2020-12-24"",""2019-06-06"",""2018-04-02""]"
batter_cn_voice_actor_hard,batter,survivor,hard,cn_voice_actor,該角色的中文配音演員為？,安志,"[""安志"",""李元韜"",""孟祥龍""]"
batter_experiment_code_hard,batter,survivor,hard,experiment_code,該角色的實驗代號為？,3-1-4,"[""3-1-4"",""2-0-2"",""5-0-2""]"
toy_merchant_manor_name_easy,toy_merchant,survivor,easy,manor_name,該角色在莊園的名字是？,安妮·萊斯特,"[""伊芙琳·莫雷"",""安妮·萊斯特"",""傑弗里·博納維塔""]"
toy_merchant_real_name_easy,toy_merchant,survivor,easy,real_name,該角色的本名是？,安妮·萊斯特,"[""帕緹夏·多里瓦爾"",""安妮·萊斯特"",""瑪麗·安托瓦內特""]"
toy_merchant_alias_easy,toy_merchant,survivor,easy,alias,玩家可能怎麼稱呼該角色？,軍火商,"[""軍火商"",""電擊老頭"",""uu""]"
toy_merchant_camp_easy,toy_merchant,survivor,easy,camp,該角色的陣營是？,求生者,"[""求生者"",""監管者""]"
toy_merchant_birthday_or_anniversary_easy,toy_merchant,survivor,easy,birthday_or_anniversary,該角色的生日／紀念日是？,11月29日,"[""12月25日"",""11月29日"",""10月2日""]"
toy_merchant_age_easy,toy_merchant,survivor,easy,age,該角色的年齡是？,24,"[""35"",""25"",""24""]"
toy_merchant_gender_easy,toy_merchant,survivor,easy,gender,該角色的性別是？,女,"[""男"",""女""]"
toy_merchant_likes_easy,toy_merchant,survivor,easy,likes,該角色喜歡？,木製玩具,"[""木製玩具"",""紫色鳶尾、沙漏、墓誌銘"",""睿智、具備創造性的""]"
toy_merchant_dislikes_easy,toy_merchant,survivor,easy,dislikes,該角色討厭？,欺騙、教條主義,"[""被人威脅"",""睡眠、縫紉、狂信徒"",""欺騙、教條主義""]"
toy_merchant_representative_s_tier_costume_easy,toy_merchant,survivor,easy,representative_s_tier_costume,該角色擁有哪些時裝？,暉之羽,"[""暉之羽"",""星之王"",""采風的仙靈""]"
toy_merchant_representative_a_tier_costume_easy,toy_merchant,survivor,easy,representative_a_tier_costume,該角色擁有哪些時裝？,花千樹,"[""花千樹"",""熔岩蛋糕"",""獵龍者""]"
toy_merchant_abyss_s_or_a_costume_easy,toy_merchant,survivor,easy,abyss_s_or_a_costume,該角色擁有哪些時裝？,匣中夢、浴石商人、咫尺微光,"[""\""裁縫夫人\""、蛇蠍美人、補天裂"",""匣中夢、浴石商人、咫尺微光"",""雪原獵人、弄臣、青須的公爵""]"
toy_merchant_cn_release_date_hard,toy_merchant,survivor,hard,cn_release_date,該角色的上線日期為？,2021-05-08,"[""2020-08-06"",""2021-05-08"",""2019-12-08""]"
toy_merchant_cn_voice_actor_hard,toy_merchant,survivor,hard,cn_voice_actor,該角色的中文配音演員為？,杜晴晴,"[""杜晴晴"",""秦文靜"",""董勝章""]"
toy_merchant_experiment_code_hard,toy_merchant,survivor,hard,experiment_code,該角色的實驗代號為？,3-1-2,"[""2-1-1"",""5-0-3"",""3-1-2""]"
psychologist_manor_name_easy,psychologist,survivor,easy,manor_name,該角色在莊園的名字是？,艾達·梅斯默,"[""艾格·瓦爾登"",""艾達·梅斯默"",""安德魯·克雷斯""]"
psychologist_real_name_easy,psychologist,survivor,easy,real_name,該角色的本名是？,艾達·梅斯默,"[""埃弗隆·懷茲"",""溫迪·福特"",""艾達·梅斯默""]"
psychologist_alias_easy,psychologist,survivor,easy,alias,玩家可能怎麼稱呼該角色？,三刀姐,"[""跳跳蜥"",""三刀姐"",""豬豬俠""]"
psychologist_camp_easy,psychologist,survivor,easy,camp,該角色的陣營是？,求生者,"[""求生者"",""監管者""]"
psychologist_birthday_or_anniversary_easy,psychologist,survivor,easy,birthday_or_anniversary,該角色的生日／紀念日是？,10月10日,"[""4月2日"",""10月10日"",""農曆七月十五日""]"
psychologist_age_easy,psychologist,survivor,easy,age,該角色的年齡是？,30,"[""25"",""30"",""24""]"
psychologist_gender_easy,psychologist,survivor,easy,gender,該角色的性別是？,女,"[""女"",""男""]"
psychologist_likes_easy,psychologist,survivor,easy,likes,該角色喜歡？,醫學研究、埃米爾,"[""司南、傘"",""創新的事物、氣象研究、甜食"",""醫學研究、埃米爾""]"
psychologist_dislikes_easy,psychologist,survivor,easy,dislikes,該角色討厭？,無用社交,"[""炸藥"",""無用社交"",""無用社交、虛偽的謊言""]"
psychologist_representative_s_tier_costume_easy,psychologist,survivor,easy,representative_s_tier_costume,該角色擁有哪些時裝？,恆夢,"[""路克"",""\""宿命\"""",""恆夢""]"
psychologist_representative_a_tier_costume_easy,psychologist,survivor,easy,representative_a_tier_costume,該角色擁有哪些時裝？,蒼鷺之翼、長夜,"[""寒晶、尋寶貴族"",""悲愴簧管"",""蒼鷺之翼、長夜""]"
psychologist_abyss_s_or_a_costume_easy,psychologist,survivor,easy,abyss_s_or_a_costume,該角色擁有哪些時裝？,朱麗葉、銀騎士、萊拉,"[""賓漢、畢業日、冬蟬"",""樹形背景板、搗蛋裘克、稻草人"",""朱麗葉、銀騎士、萊拉""]"
psychologist_cn_release_date_hard,psychologist,survivor,hard,cn_release_date,該角色的上線日期為？,2021-08-05,"[""2018-04-02"",""2021-08-05"",""2019-09-26""]"
psychologist_cn_voice_actor_hard,psychologist,survivor,hard,cn_voice_actor,該角色的中文配音演員為？,張文鈺,"[""張文鈺"",""王宇航"",""金娜""]"
psychologist_experiment_code_hard,psychologist,survivor,hard,experiment_code,該角色的實驗代號為？,0-0-1,"[""8-0-3"",""5-0-3"",""0-0-1""]"
patient_manor_name_easy,patient,survivor,easy,manor_name,該角色在莊園的名字是？,埃米爾,"[""埃米爾"",""推演替身"",""安""]"
patient_real_name_easy,patient,survivor,easy,real_name,該角色的本名是？,埃米爾,"[""埃米爾"",""美智子"",""愛麗絲·德羅斯""]"
patient_alias_easy,patient,survivor,easy,alias,玩家可能怎麼稱呼該角色？,鉤爪小貓,"[""愛美麗"",""婭婭"",""鉤爪小貓""]"
patient_camp_easy,patient,survivor,easy,camp,該角色的陣營是？,求生者,"[""求生者"",""監管者""]"
patient_birthday_or_anniversary_easy,patient,survivor,easy,birthday_or_anniversary,該角色的生日／紀念日是？,10月10日,"[""7月10日"",""1月21日"",""10月10日""]"
patient_gender_easy,patient,survivor,easy,gender,該角色的性別是？,男,"[""女"",""男""]"
patient_likes_easy,patient,survivor,easy,likes,該角色喜歡？,艾達,"[""艾達"",""森林、有活力的生命"",""松露蛋糕、希臘神話""]"
patient_dislikes_easy,patient,survivor,easy,dislikes,該角色討厭？,狗、人多的地方,"[""暴力和粗魯的傢伙"",""無用的、聒噪的人或物"",""狗、人多的地方""]"
patient_representative_s_tier_costume_easy,patient,survivor,easy,representative_s_tier_costume,該角色擁有哪些時裝？,溯光,"[""溯光"",""引魂人"",""初晴""]"
patient_representative_a_tier_costume_easy,patient,survivor,easy,representative_a_tier_costume,該角色擁有哪些時裝？,逃罪之人、星辰,"[""聽海閑情、瑪利亞公理"",""逃罪之人、星辰"",""試運者、流螢""]"
patient_abyss_s_or_a_costume_easy,patient,survivor,easy,abyss_s_or_a_costume,該角色擁有哪些時裝？,羅密歐、湖中影、瑪吉努,"[""莎樂美、梵音之舞、\""月佑者\"""",""\""好孩子\""、斯文加利、林中騎士"",""羅密歐、湖中影、瑪吉努""]"
patient_cn_release_date_hard,patient,survivor,hard,cn_release_date,該角色的上線日期為？,2021-08-05,"[""2018-09-27"",""2022-08-25"",""2021-08-05""]"
patient_cn_voice_actor_hard,patient,survivor,hard,cn_voice_actor,該角色的中文配音演員為？,李春胤,"[""李春胤"",""孫暢"",""周帥""]"
patient_experiment_code_hard,patient,survivor,hard,experiment_code,該角色的實驗代號為？,0-1-2,"[""0-1-2"",""4-0-3"",""6-1-4""]"
novelist_manor_name_easy,novelist,survivor,easy,manor_name,該角色在莊園的名字是？,“奧爾菲斯”,"[""安東尼奧"",""弗洛裡安·布蘭德"",""“奧爾菲斯”""]"
novelist_former_name_easy,novelist,survivor,easy,former_name,該角色的曾用名是？,羅伊·卡斐,"[""羅伊·卡斐"",""艾維·勞森"",""格蕾絲·伍德""]"
novelist_nickname_easy,novelist,survivor,easy,nickname,該角色的小名是？,奧菲,"[""奧菲"",""\""戲謔\""、\""悲觀\""、\""寡言\"""",""小洛倫茲""]"
novelist_alias_easy,novelist,survivor,easy,alias,玩家可能怎麼稱呼該角色？,小兌兌,"[""小兌兌"",""哭丑"",""老父親""]"
novelist_camp_easy,novelist,survivor,easy,camp,該角色的陣營是？,求生者,"[""求生者"",""監管者""]"
novelist_birthday_or_anniversary_easy,novelist,survivor,easy,birthday_or_anniversary,該角色的生日／紀念日是？,4月2日,"[""4月2日"",""5月15日"",""11月27日""]"
novelist_age_easy,novelist,survivor,easy,age,該角色的年齡是？,24,"[""24"",""21"",""30""]"
novelist_gender_easy,novelist,survivor,easy,gender,該角色的性別是？,男,"[""女"",""男""]"
novelist_likes_easy,novelist,survivor,easy,likes,該角色喜歡？,鳥類,"[""鳥類"",""紫色鳶尾、沙漏、墓誌銘"",""森林、有活力的生命""]"
novelist_dislikes_easy,novelist,survivor,easy,dislikes,該角色討厭？,嘈雜的環境,"[""蟑螂"",""嘈雜的環境"",""炸藥""]"
novelist_representative_s_tier_costume_easy,novelist,survivor,easy,representative_s_tier_costume,該角色擁有哪些時裝？,福爾摩斯,"[""溫泉煮酒"",""亡靈之主"",""福爾摩斯""]"
novelist_representative_a_tier_costume_easy,novelist,survivor,easy,representative_a_tier_costume,該角色擁有哪些時裝？,空,"[""結晶體、耶夢加得"",""空"",""隕星""]"
novelist_abyss_s_or_a_costume_easy,novelist,survivor,easy,abyss_s_or_a_costume,該角色擁有哪些時裝？,大師牌、無歸的昨日、夢遊紳士,"[""船影、春信、逆刃之鞭"",""聖誕沙龍、竊夢行者、猙"",""大師牌、無歸的昨日、夢遊紳士""]"
novelist_cn_release_date_hard,novelist,survivor,hard,cn_release_date,該角色的上線日期為？,2021-10-29,"[""2019-06-27"",""2021-10-29"",""2019-10-17""]"
novelist_cn_voice_actor_hard,novelist,survivor,hard,cn_voice_actor,該角色的中文配音演員為？,劉北辰,"[""劉北辰"",""王宇航"",""杜晴晴""]"
little_girl_manor_name_easy,little_girl,survivor,easy,manor_name,該角色在莊園的名字是？,“回憶”,"[""“回憶”"",""安"",""理查德·斯特林""]"
little_girl_real_name_easy,little_girl,survivor,easy,real_name,該角色的本名是？,愛麗絲·德羅斯,"[""查理斯·霍爾特"",""羅比·懷特"",""愛麗絲·德羅斯""]"
little_girl_alias_easy,little_girl,survivor,easy,alias,玩家可能怎麼稱呼該角色？,小孩,"[""小孩"",""老頭"",""員神""]"
little_girl_camp_easy,little_girl,survivor,easy,camp,該角色的陣營是？,求生者,"[""監管者"",""求生者""]"
little_girl_birthday_or_anniversary_easy,little_girl,survivor,easy,birthday_or_anniversary,該角色的生日／紀念日是？,9月13日,"[""11月17日"",""9月13日"",""11月13日""]"
little_girl_gender_easy,little_girl,survivor,easy,gender,該角色的性別是？,女,"[""男"",""女""]"
little_girl_likes_easy,little_girl,survivor,easy,likes,該角色喜歡？,松露蛋糕、希臘神話,"[""松露蛋糕、希臘神話"",""遊記、小說"",""動物、小花""]"
little_girl_dislikes_easy,little_girl,survivor,easy,dislikes,該角色討厭？,黑暗的環境、鳥類的叫聲,"[""軍隊、政府官員"",""高牆、電網"",""黑暗的環境、鳥類的叫聲""]"
little_girl_representative_s_tier_costume_easy,little_girl,survivor,easy,representative_s_tier_costume,該角色擁有哪些時裝？,歐律狄刻,"[""初晴"",""三面神"",""歐律狄刻""]"
little_girl_representative_a_tier_costume_easy,little_girl,survivor,easy,representative_a_tier_costume,該角色擁有哪些時裝？,惡之源、石榴碟小姐,"[""惡之源、石榴碟小姐"",""長夏永不凋落、怪鳥"",""\""夜魔\""、籠中偶""]"
little_girl_abyss_s_or_a_costume_easy,little_girl,survivor,easy,abyss_s_or_a_costume,該角色擁有哪些時裝？,年歲、滾滾夥伴、桃樂絲,"[""時之獵手、聚光燈下、窺伺之心"",""百萬人魚、鬼臉天蛾、迷迭香"",""年歲、滾滾夥伴、桃樂絲""]"
little_girl_cn_release_date_hard,little_girl,survivor,hard,cn_release_date,該角色的上線日期為？,2021-11-11,"[""2020-01-18"",""2021-11-11"",""2018-04-02""]"
little_girl_cn_voice_actor_hard,little_girl,survivor,hard,cn_voice_actor,該角色的中文配音演員為？,杜晴晴,"[""穆雪婷"",""杜晴晴"",""劉垚""]"
weeping_clown_manor_name_easy,weeping_clown,survivor,easy,manor_name,該角色在莊園的名字是？,裘克,"[""凱文·阿尤索"",""馬庫斯·索恩"",""裘克""]"
weeping_clown_real_name_easy,weeping_clown,survivor,easy,real_name,該角色的本名是？,裘克,"[""維克多·葛蘭茲"",""裘克"",""莉迪亞·瓊斯""]"
weeping_clown_alias_easy,weeping_clown,survivor,easy,alias,玩家可能怎麼稱呼該角色？,哭丑,"[""伊塔"",""空姐"",""哭丑""]"
weeping_clown_camp_easy,weeping_clown,survivor,easy,camp,該角色的陣營是？,求生者,"[""求生者"",""監管者""]"
weeping_clown_birthday_or_anniversary_easy,weeping_clown,survivor,easy,birthday_or_anniversary,該角色的生日／紀念日是？,8月4日,"[""8月4日"",""11月13日"",""2月14日""]"
weeping_clown_age_easy,weeping_clown,survivor,easy,age,該角色的年齡是？,20,"[""20"",""25"",""24""]"
weeping_clown_gender_easy,weeping_clown,survivor,easy,gender,該角色的性別是？,男,"[""男"",""女""]"
weeping_clown_likes_easy,weeping_clown,survivor,easy,likes,該角色喜歡？,娜塔莉,"[""新奇的生物"",""逝者"",""娜塔莉""]"
weeping_clown_dislikes_easy,weeping_clown,survivor,easy,dislikes,該角色討厭？,運動系的人、微笑小丑,"[""暴力和粗魯的傢伙"",""耶誕節"",""運動系的人、微笑小丑""]"
weeping_clown_representative_s_tier_costume_easy,weeping_clown,survivor,easy,representative_s_tier_costume,該角色擁有哪些時裝？,欺惑之燕,"[""引魂人"",""報社主編"",""欺惑之燕""]"
weeping_clown_representative_a_tier_costume_easy,weeping_clown,survivor,easy,representative_a_tier_costume,該角色擁有哪些時裝？,逐風蝸,"[""神眷、東風遙"",""逐風蝸"",""夜潮、貝拉夫人""]"
weeping_clown_abyss_s_or_a_costume_easy,weeping_clown,survivor,easy,abyss_s_or_a_costume,該角色擁有哪些時裝？,聖詠、熄滅的太陽、蠶食者,"[""嗜金海怪、海怪船長"",""荒原之花、菲麗絲、曼陀羅"",""聖詠、熄滅的太陽、蠶食者""]"
weeping_clown_cn_release_date_hard,weeping_clown,survivor,hard,cn_release_date,該角色的上線日期為？,2022-01-20,"[""2018-04-05"",""2023-04-20"",""2022-01-20""]"
weeping_clown_cn_voice_actor_hard,weeping_clown,survivor,hard,cn_voice_actor,該角色的中文配音演員為？,王宇航,"[""黃鶯"",""周帥"",""王宇航""]"
weeping_clown_experiment_code_hard,weeping_clown,survivor,hard,experiment_code,該角色的實驗代號為？,8-0-3,"[""3-?-3"",""8-0-3"",""3-?-1""]"
professor_manor_name_easy,professor,survivor,easy,manor_name,該角色在莊園的名字是？,盧基諾·迪魯西,"[""盧基諾·迪魯西"",""瑟維·勒·羅伊"",""諾頓·坎貝爾""]"
professor_real_name_easy,professor,survivor,easy,real_name,該角色的本名是？,盧基諾·迪魯西,"[""伽拉泰亞·克勞德"",""盧基諾·迪魯西"",""瓦倫蒂娜·雅加·瓦西裡耶娃""]"
professor_alias_easy,professor,survivor,easy,alias,玩家可能怎麼稱呼該角色？,小教教,"[""梅莉寶寶"",""老頭"",""小教教""]"
professor_camp_easy,professor,survivor,easy,camp,該角色的陣營是？,求生者,"[""監管者"",""求生者""]"
professor_birthday_or_anniversary_easy,professor,survivor,easy,birthday_or_anniversary,該角色的生日／紀念日是？,11月13日,"[""6月22日"",""11月13日"",""5月18日""]"
professor_age_easy,professor,survivor,easy,age,該角色的年齡是？,30,"[""30"",""24"",""35""]"
professor_gender_easy,professor,survivor,easy,gender,該角色的性別是？,男,"[""男"",""女""]"
professor_likes_easy,professor,survivor,easy,likes,該角色喜歡？,夏季,"[""一切美食、一切美酒、舉辦宴會、睡覺"",""木製玩具"",""夏季""]"
professor_dislikes_easy,professor,survivor,easy,dislikes,該角色討厭？,寒冷,"[""潮濕的東西、夏天"",""陽光、火把"",""寒冷""]"
professor_representative_s_tier_costume_easy,professor,survivor,easy,representative_s_tier_costume,該角色擁有哪些時裝？,溫泉煮酒,"[""溫泉煮酒"",""倒逆之汞"",""黃金蛋糕""]"
professor_representative_a_tier_costume_easy,professor,survivor,easy,representative_a_tier_costume,該角色擁有哪些時裝？,吟遊詩人、丹尼爾·狄更斯、敖烈,"[""幽夜終章"",""吟遊詩人、丹尼爾·狄更斯、敖烈"",""謫仙""]"
professor_abyss_s_or_a_costume_easy,professor,survivor,easy,abyss_s_or_a_costume,該角色擁有哪些時裝？,緊急運輸,"[""緊急運輸"",""淘金客、解離、輝銻礦"",""\""好孩子\""、斯文加利、林中騎士""]"
professor_cn_release_date_hard,professor,survivor,hard,cn_release_date,該角色的上線日期為？,2022-04-28,"[""2022-04-28"",""2021-08-05"",""2020-11-26""]"
professor_cn_voice_actor_hard,professor,survivor,hard,cn_voice_actor,該角色的中文配音演員為？,劉以嘉,"[""劉以嘉"",""許棕哲"",""劉雨軒""]"
professor_experiment_code_hard,professor,survivor,hard,experiment_code,該角色的實驗代號為？,6-1-4,"[""6-1-4"",""2-1-1"",""5-?-1""]"
antique_dealer_manor_name_easy,antique_dealer,survivor,easy,manor_name,該角色在莊園的名字是？,戚十一,"[""馬庫斯·索恩"",""瓦爾萊塔"",""戚十一""]"
antique_dealer_real_name_easy,antique_dealer,survivor,easy,real_name,該角色的本名是？,蕭遙,"[""伊德海拉"",""蕭遙"",""邦邦""]"
antique_dealer_former_name_easy,antique_dealer,survivor,easy,former_name,該角色的曾用名是？,蕭遙,"[""梅莉·恩德洛武"",""蕭遙"",""班恩·佩雷茲""]"
antique_dealer_nickname_easy,antique_dealer,survivor,easy,nickname,該角色的小名是？,蕭七,"[""小洛倫茲"",""蕭七"",""夜鶯""]"
antique_dealer_alias_easy,antique_dealer,survivor,easy,alias,玩家可能怎麼稱呼該角色？,戚姐,"[""殮殮"",""丑皇"",""戚姐""]"
antique_dealer_camp_easy,antique_dealer,survivor,easy,camp,該角色的陣營是？,求生者,"[""求生者"",""監管者""]"
antique_dealer_birthday_or_anniversary_easy,antique_dealer,survivor,easy,birthday_or_anniversary,該角色的生日／紀念日是？,4月2日,"[""3月19日"",""4月2日"",""8月7日""]"
antique_dealer_age_easy,antique_dealer,survivor,easy,age,該角色的年齡是？,30,"[""38"",""25"",""30""]"
antique_dealer_gender_easy,antique_dealer,survivor,easy,gender,該角色的性別是？,女,"[""女"",""男""]"
antique_dealer_likes_easy,antique_dealer,survivor,easy,likes,該角色喜歡？,平靜的音樂、竹林,"[""機械玩偶"",""新奇的生物"",""平靜的音樂、竹林""]"
antique_dealer_dislikes_easy,antique_dealer,survivor,easy,dislikes,該角色討厭？,貪贓枉法的上等人,"[""貪贓枉法的上等人"",""睡眠、縫紉、狂信徒"",""猴子""]"
antique_dealer_representative_s_tier_costume_easy,antique_dealer,survivor,easy,representative_s_tier_costume,該角色擁有哪些時裝？,招風旗,"[""三月兔"",""菖蒲"",""招風旗""]"
antique_dealer_representative_a_tier_costume_easy,antique_dealer,survivor,easy,representative_a_tier_costume,該角色擁有哪些時裝？,白澤、紙新娘·陶夢嫣,"[""鐵鉤船長、明智吾郎"",""白澤、紙新娘·陶夢嫣"",""聽海閑情、瑪利亞公理""]"
antique_dealer_abyss_s_or_a_costume_easy,antique_dealer,survivor,easy,abyss_s_or_a_costume,該角色擁有哪些時裝？,木蘭、填海平、黑鴉,"[""\""裁縫夫人\""、蛇蠍美人、補天裂"",""多色印刷、達芬奇、掌中篆記"",""木蘭、填海平、黑鴉""]"
antique_dealer_cn_release_date_hard,antique_dealer,survivor,hard,cn_release_date,該角色的上線日期為？,2022-08-04,"[""2022-08-04"",""2018-04-02"",""2019-12-08""]"
antique_dealer_cn_voice_actor_hard,antique_dealer,survivor,hard,cn_voice_actor,該角色的中文配音演員為？,徐慧,"[""陳婷婷"",""徐慧"",""蘇鑫""]"
antique_dealer_experiment_code_hard,antique_dealer,survivor,hard,experiment_code,該角色的實驗代號為？,13-1-2,"[""8-0-3"",""13-1-2"",""10-0-1""]"
composer_manor_name_easy,composer,survivor,easy,manor_name,該角色在莊園的名字是？,弗雷德里克·克雷伯格,"[""弗雷德里克·克雷伯格"",""盧基諾·迪魯西"",""溫迪·福特""]"
composer_real_name_easy,composer,survivor,easy,real_name,該角色的本名是？,弗雷德里克·克雷伯格,"[""伊索·卡爾"",""弗雷德里克·克雷伯格"",""巴爾克·拉·帕杜拉""]"
composer_alias_easy,composer,survivor,easy,alias,玩家可能怎麼稱呼該角色？,曲曲,"[""曲曲"",""老奶"",""婭婭""]"
composer_camp_easy,composer,survivor,easy,camp,該角色的陣營是？,求生者,"[""監管者"",""求生者""]"
composer_birthday_or_anniversary_easy,composer,survivor,easy,birthday_or_anniversary,該角色的生日／紀念日是？,5月21日,"[""8月8日"",""5月21日"",""10月31日""]"
composer_age_easy,composer,survivor,easy,age,該角色的年齡是？,26,"[""30"",""26"",""32""]"
composer_gender_easy,composer,survivor,easy,gender,該角色的性別是？,男,"[""男"",""女""]"
composer_likes_easy,composer,survivor,easy,likes,該角色喜歡？,極端美學、天賦卓越的人,"[""駝鹿、獵犬"",""家人"",""極端美學、天賦卓越的人""]"
composer_dislikes_easy,composer,survivor,easy,dislikes,該角色討厭？,庸碌的人、珍珠、秘密被他人知曉,"[""庸碌的人、珍珠、秘密被他人知曉"",""無用社交、虛偽的謊言"",""密碼機""]"
composer_representative_s_tier_costume_easy,composer,survivor,easy,representative_s_tier_costume,該角色擁有哪些時裝？,幽靈帆,"[""川上富江"",""幽靈帆"",""炎火之怒""]"
composer_representative_a_tier_costume_easy,composer,survivor,easy,representative_a_tier_costume,該角色擁有哪些時裝？,獵龍者,"[""日落黃沙"",""獵龍者"",""吟遊詩人、丹尼爾·狄更斯、敖烈""]"
composer_abyss_s_or_a_costume_easy,composer,survivor,easy,abyss_s_or_a_costume,該角色擁有哪些時裝？,暮影、澄明的理性、被遺忘的喬治,"[""暮影、澄明的理性、被遺忘的喬治"",""蘭閨驚夢、真相小姐、等風來"",""朱麗葉、銀騎士、萊拉""]"
composer_cn_release_date_hard,composer,survivor,hard,cn_release_date,該角色的上線日期為？,2022-12-01,"[""2020-11-26"",""2022-12-01"",""2018-04-05""]"
composer_cn_voice_actor_hard,composer,survivor,hard,cn_voice_actor,該角色的中文配音演員為？,劉飛,"[""劉以嘉"",""劉飛"",""翟巍""]"
journalist_manor_name_easy,journalist,survivor,easy,manor_name,該角色在莊園的名字是？,愛麗絲·德羅斯,"[""愛麗絲·德羅斯"",""約瑟夫"",""裘克""]"
journalist_real_name_easy,journalist,survivor,easy,real_name,該角色的本名是？,愛麗絲·德羅斯,"[""菲利普"",""克洛伊·奈爾"",""愛麗絲·德羅斯""]"
journalist_nickname_easy,journalist,survivor,easy,nickname,該角色的小名是？,夜鶯,"[""瓦利婭"",""小洛倫茲"",""夜鶯""]"
journalist_alias_easy,journalist,survivor,easy,alias,玩家可能怎麼稱呼該角色？,大女孩,"[""77"",""小羅比"",""大女孩""]"
journalist_camp_easy,journalist,survivor,easy,camp,該角色的陣營是？,求生者,"[""求生者"",""監管者""]"
journalist_birthday_or_anniversary_easy,journalist,survivor,easy,birthday_or_anniversary,該角色的生日／紀念日是？,5月5日,"[""3月11日"",""5月5日"",""3月1日""]"
journalist_age_easy,journalist,survivor,easy,age,該角色的年齡是？,21,"[""21"",""24"",""28""]"
journalist_gender_easy,journalist,survivor,easy,gender,該角色的性別是？,女,"[""男"",""女""]"
journalist_likes_easy,journalist,survivor,easy,likes,該角色喜歡？,松露蛋糕、希臘神話,"[""藥草、書"",""逝者"",""松露蛋糕、希臘神話""]"
journalist_dislikes_easy,journalist,survivor,easy,dislikes,該角色討厭？,黑暗的環境、鳥類的叫聲,"[""黑暗的環境、鳥類的叫聲"",""嘈雜的環境"",""欺騙、教條主義""]"
journalist_representative_s_tier_costume_easy,journalist,survivor,easy,representative_s_tier_costume,該角色擁有哪些時裝？,"""華生小姐""","[""拉塔托斯克"",""星空之翼"",""\""華生小姐\""""]"
journalist_representative_a_tier_costume_easy,journalist,survivor,easy,representative_a_tier_costume,該角色擁有哪些時裝？,永恆、赤松楓,"[""\""稻草人\""、鬥牛士之吻、領頭羊"",""永恆、赤松楓"",""寒香舞、天河""]"
journalist_abyss_s_or_a_costume_easy,journalist,survivor,easy,abyss_s_or_a_costume,該角色擁有哪些時裝？,夢境中的愛麗絲、恐懼的舊影、伊布,"[""木蘭、填海平、黑鴉"",""夢境中的愛麗絲、恐懼的舊影、伊布"",""白金阿拉丁、\""假面紳士\""、動力芯""]"
journalist_cn_release_date_hard,journalist,survivor,hard,cn_release_date,該角色的上線日期為？,2023-04-20,"[""2019-12-08"",""2018-04-02"",""2023-04-20""]"
journalist_cn_voice_actor_hard,journalist,survivor,hard,cn_voice_actor,該角色的中文配音演員為？,杜晴晴,"[""薛諒"",""金娜"",""杜晴晴""]"
aviator_manor_name_easy,aviator,survivor,easy,manor_name,該角色在莊園的名字是？,查理斯·霍爾特,"[""弗雷德里克·克雷伯格"",""查理斯·霍爾特"",""傑弗里·博納維塔""]"
aviator_real_name_easy,aviator,survivor,easy,real_name,該角色的本名是？,查理斯·霍爾特,"[""梅莉·恩德洛武"",""查理斯·霍爾特"",""赫南多·羅梅羅""]"
aviator_alias_easy,aviator,survivor,easy,alias,玩家可能怎麼稱呼該角色？,牢飛,"[""牢飛"",""鉤爪小貓"",""伊塔""]"
aviator_camp_easy,aviator,survivor,easy,camp,該角色的陣營是？,求生者,"[""監管者"",""求生者""]"
aviator_birthday_or_anniversary_easy,aviator,survivor,easy,birthday_or_anniversary,該角色的生日／紀念日是？,6月5日,"[""6月5日"",""12月21日"",""2月13日""]"
aviator_age_easy,aviator,survivor,easy,age,該角色的年齡是？,38,"[""38"",""35"",""21""]"
aviator_gender_easy,aviator,survivor,easy,gender,該角色的性別是？,男,"[""女"",""男""]"
aviator_likes_easy,aviator,survivor,easy,likes,該角色喜歡？,結構精密的機械、啤酒、工程學書籍,"[""機械、機關、建築、伏特加"",""結構精密的機械、啤酒、工程學書籍"",""夏季""]"
aviator_dislikes_easy,aviator,survivor,easy,dislikes,該角色討厭？,淺薄無知的人、不受控制的事,"[""淺薄無知的人、不受控制的事"",""暴力和粗魯的傢伙"",""耶誕節""]"
aviator_representative_s_tier_costume_easy,aviator,survivor,easy,representative_s_tier_costume,該角色擁有哪些時裝？,星空之翼,"[""不屈的信仰"",""倒逆之汞"",""星空之翼""]"
aviator_representative_a_tier_costume_easy,aviator,survivor,easy,representative_a_tier_costume,該角色擁有哪些時裝？,異相睡眠、螺旋翼、王胖子,"[""異相睡眠、螺旋翼、王胖子"",""逃罪之人、星辰"",""豐悅、\""非賣品\""、\""阿拉丁\""""]"
aviator_cn_release_date_hard,aviator,survivor,hard,cn_release_date,該角色的上線日期為？,2023-07-27,"[""2019-01-24"",""2018-04-05"",""2023-07-27""]"
aviator_cn_voice_actor_hard,aviator,survivor,hard,cn_voice_actor,該角色的中文配音演員為？,徐翔,"[""張文鈺"",""徐翔"",""薛諒""]"
aviator_experiment_code_hard,aviator,survivor,hard,experiment_code,該角色的實驗代號為？,10-1-3,"[""10-1-3"",""5-0-2"",""8-0-3""]"
cheerleader_manor_name_easy,cheerleader,survivor,easy,manor_name,該角色在莊園的名字是？,莉莉·巴利爾,"[""傑弗里·博納維塔"",""莉莉·巴利爾"",""凱文·阿尤索""]"
cheerleader_real_name_easy,cheerleader,survivor,easy,real_name,該角色的本名是？,莉莉·巴利爾,"[""柯根·尼古拉斯·基奧"",""羅比·懷特"",""莉莉·巴利爾""]"
cheerleader_alias_easy,cheerleader,survivor,easy,alias,玩家可能怎麼稱呼該角色？,員神,"[""員神"",""火火"",""軍火商""]"
cheerleader_camp_easy,cheerleader,survivor,easy,camp,該角色的陣營是？,求生者,"[""求生者"",""監管者""]"
cheerleader_birthday_or_anniversary_easy,cheerleader,survivor,easy,birthday_or_anniversary,該角色的生日／紀念日是？,11月13日,"[""11月13日"",""2月11日"",""8月25日""]"
cheerleader_age_easy,cheerleader,survivor,easy,age,該角色的年齡是？,18,"[""30"",""18"",""25""]"
cheerleader_gender_easy,cheerleader,survivor,easy,gender,該角色的性別是？,女,"[""男"",""女""]"
cheerleader_likes_easy,cheerleader,survivor,easy,likes,該角色喜歡？,運動會,"[""玩偶、帳篷"",""珍珠"",""運動會""]"
cheerleader_dislikes_easy,cheerleader,survivor,easy,dislikes,該角色討厭？,耶誕節,"[""密碼機"",""音樂"",""耶誕節""]"
cheerleader_representative_s_tier_costume_easy,cheerleader,survivor,easy,representative_s_tier_costume,該角色擁有哪些時裝？,筠心,"[""珍奇櫃"",""筠心"",""驅魔人""]"
cheerleader_representative_a_tier_costume_easy,cheerleader,survivor,easy,representative_a_tier_costume,該角色擁有哪些時裝？,熒,"[""海神之冕"",""熒"",""斐樂蒙的聖壇、行於界限間""]"
cheerleader_abyss_s_or_a_costume_easy,cheerleader,survivor,easy,abyss_s_or_a_costume,該角色擁有哪些時裝？,小明星、BISHOP-f1、OPH. LILY,"[""胡桃夾子、破陣子、球球"",""小明星、BISHOP-f1、OPH. LILY"",""時之獵手、聚光燈下、窺伺之心""]"
cheerleader_cn_release_date_hard,cheerleader,survivor,hard,cn_release_date,該角色的上線日期為？,2023-08-31,"[""2020-11-26"",""2020-03-19"",""2023-08-31""]"
cheerleader_cn_voice_actor_hard,cheerleader,survivor,hard,cn_voice_actor,該角色的中文配音演員為？,秦文靜,"[""秦文靜"",""賀若帆"",""周帥""]"
puppeteer_manor_name_easy,puppeteer,survivor,easy,manor_name,該角色在莊園的名字是？,馬蒂亞斯·切爾寧,"[""馬蒂亞斯·切爾寧"",""凱文·阿尤索"",""溫迪·福特""]"
puppeteer_real_name_easy,puppeteer,survivor,easy,real_name,該角色的本名是？,馬蒂亞斯·切爾寧,"[""梅莉·恩德洛武"",""馬蒂亞斯·切爾寧"",""約瑟夫·德拉索恩斯""]"
puppeteer_alias_easy,puppeteer,survivor,easy,alias,玩家可能怎麼稱呼該角色？,四刀哥,"[""四刀哥"",""安東鳥"",""牢飛""]"
puppeteer_camp_easy,puppeteer,survivor,easy,camp,該角色的陣營是？,求生者,"[""監管者"",""求生者""]"
puppeteer_birthday_or_anniversary_easy,puppeteer,survivor,easy,birthday_or_anniversary,該角色的生日／紀念日是？,5月25日,"[""5月25日"",""5月21日"",""2月13日""]"
puppeteer_age_easy,puppeteer,survivor,easy,age,該角色的年齡是？,24,"[""21"",""24"",""38""]"
puppeteer_gender_easy,puppeteer,survivor,easy,gender,該角色的性別是？,男,"[""男"",""女""]"
puppeteer_likes_easy,puppeteer,survivor,easy,likes,該角色喜歡？,黑暗的環境、優酪乳牛肉、雨天,"[""娜塔莉"",""黑暗的環境、優酪乳牛肉、雨天"",""森林、有活力的生命""]"
puppeteer_dislikes_easy,puppeteer,survivor,easy,dislikes,該角色討厭？,線,"[""睡眠、縫紉、狂信徒"",""線"",""無用的、聒噪的人或物""]"
puppeteer_representative_s_tier_costume_easy,puppeteer,survivor,easy,representative_s_tier_costume,該角色擁有哪些時裝？,KING-h1,"[""KING-h1"",""死生之諭"",""路克""]"
puppeteer_representative_a_tier_costume_easy,puppeteer,survivor,easy,representative_a_tier_costume,該角色擁有哪些時裝？,斐樂蒙的聖壇、行於界限間,"[""此地禁行"",""珊瑚夫人、花序"",""斐樂蒙的聖壇、行於界限間""]"
puppeteer_cn_release_date_hard,puppeteer,survivor,hard,cn_release_date,該角色的上線日期為？,2024-02-01,"[""2018-09-13"",""2024-02-01"",""2025-08-28""]"
puppeteer_cn_voice_actor_hard,puppeteer,survivor,hard,cn_voice_actor,該角色的中文配音演員為？,黃驥,"[""黃驥"",""孫曄"",""劉雨軒""]"
fire_investigator_manor_name_easy,fire_investigator,survivor,easy,manor_name,該角色在莊園的名字是？,弗洛裡安·布蘭德,"[""艾達·梅斯默"",""弗洛裡安·布蘭德"",""菲利普""]"
fire_investigator_real_name_easy,fire_investigator,survivor,easy,real_name,該角色的本名是？,弗洛裡安·布蘭德,"[""芬森·亨特"",""弗洛裡安·布蘭德"",""娜塔莎""]"
fire_investigator_alias_easy,fire_investigator,survivor,easy,alias,玩家可能怎麼稱呼該角色？,火火,"[""火火"",""香妃"",""牛爺爺""]"
fire_investigator_camp_easy,fire_investigator,survivor,easy,camp,該角色的陣營是？,求生者,"[""求生者"",""監管者""]"
fire_investigator_birthday_or_anniversary_easy,fire_investigator,survivor,easy,birthday_or_anniversary,該角色的生日／紀念日是？,5月2日,"[""8月4日"",""4月2日"",""5月2日""]"
fire_investigator_age_easy,fire_investigator,survivor,easy,age,該角色的年齡是？,25,"[""25"",""30"",""20""]"
fire_investigator_gender_easy,fire_investigator,survivor,easy,gender,該角色的性別是？,男,"[""女"",""男""]"
fire_investigator_likes_easy,fire_investigator,survivor,easy,likes,該角色喜歡？,家人、堅定的情感、火焰、曬太陽,"[""溫柔的人"",""家人、堅定的情感、火焰、曬太陽"",""遊記、小說""]"
fire_investigator_dislikes_easy,fire_investigator,survivor,easy,dislikes,該角色討厭？,無用社交、虛偽的謊言,"[""不公正的法律裁決、不平等的對待"",""無用社交、虛偽的謊言"",""水""]"
fire_investigator_representative_s_tier_costume_easy,fire_investigator,survivor,easy,representative_s_tier_costume,該角色擁有哪些時裝？,靈狐,"[""蜉蝣一晌"",""半精靈騎士"",""靈狐""]"
fire_investigator_representative_a_tier_costume_easy,fire_investigator,survivor,easy,representative_a_tier_costume,該角色擁有哪些時裝？,"""膨化""、LEONARD","[""\""膨化\""、LEONARD"",""異相睡眠、螺旋翼、王胖子"",""此地禁行""]"
fire_investigator_cn_release_date_hard,fire_investigator,survivor,hard,cn_release_date,該角色的上線日期為？,2024-04-30,"[""2018-04-05"",""2019-02-28"",""2024-04-30""]"
fire_investigator_cn_voice_actor_hard,fire_investigator,survivor,hard,cn_voice_actor,該角色的中文配音演員為？,徐翔,"[""秦文靜"",""翟巍"",""徐翔""]"
pharoh_lady_manor_name_easy,pharoh_lady,survivor,easy,manor_name,該角色在莊園的名字是？,伊芙琳·莫雷,"[""克利切·皮爾森"",""伊芙琳·莫雷"",""查理斯·霍爾特""]"
pharoh_lady_real_name_easy,pharoh_lady,survivor,easy,real_name,該角色的本名是？,伊芙琳·莫雷,"[""伊芙琳·莫雷"",""麥克·莫頓"",""伽拉泰亞·克勞德""]"
pharoh_lady_alias_easy,pharoh_lady,survivor,easy,alias,玩家可能怎麼稱呼該角色？,法法,"[""法法"",""牙牙"",""盲仔""]"
pharoh_lady_camp_easy,pharoh_lady,survivor,easy,camp,該角色的陣營是？,求生者,"[""監管者"",""求生者""]"
pharoh_lady_birthday_or_anniversary_easy,pharoh_lady,survivor,easy,birthday_or_anniversary,該角色的生日／紀念日是？,7月12日,"[""4月2日"",""9月8日"",""7月12日""]"
pharoh_lady_age_easy,pharoh_lady,survivor,easy,age,該角色的年齡是？,32,"[""32"",""35"",""28""]"
pharoh_lady_gender_easy,pharoh_lady,survivor,easy,gender,該角色的性別是？,女,"[""男"",""女""]"
pharoh_lady_likes_easy,pharoh_lady,survivor,easy,likes,該角色喜歡？,珍珠,"[""珍珠"",""能面、頭紗、和服"",""杜松、斧頭""]"
pharoh_lady_dislikes_easy,pharoh_lady,survivor,easy,dislikes,該角色討厭？,一切香氛氣息,"[""一切香氛氣息"",""潮濕、陰暗"",""狩獵者、看書""]"
pharoh_lady_representative_s_tier_costume_easy,pharoh_lady,survivor,easy,representative_s_tier_costume,該角色擁有哪些時裝？,獵物的印記,"[""孤月騎士"",""獵物的印記"",""典獄長""]"
pharoh_lady_representative_a_tier_costume_easy,pharoh_lady,survivor,easy,representative_a_tier_costume,該角色擁有哪些時裝？,與風共舞、向深處求告、芳澤霞,"[""寒香舞、天河"",""日落黃沙"",""與風共舞、向深處求告、芳澤霞""]"
pharoh_lady_cn_release_date_hard,pharoh_lady,survivor,hard,cn_release_date,該角色的上線日期為？,2024-06-13,"[""2024-06-13"",""2019-02-28"",""2022-12-01""]"
pharoh_lady_cn_voice_actor_hard,pharoh_lady,survivor,hard,cn_voice_actor,該角色的中文配音演員為？,張琦,"[""翟巍"",""孫曄"",""張琦""]"
knight_manor_name_easy,knight,survivor,easy,manor_name,該角色在莊園的名字是？,理查德·斯特林,"[""瑪格麗莎·澤萊"",""盧卡·巴爾薩"",""理查德·斯特林""]"
knight_real_name_easy,knight,survivor,easy,real_name,該角色的本名是？,米哈伊爾·托夫洛維奇·瓦西里耶夫,"[""琼·安"",""麗莎·貝克"",""米哈伊爾·托夫洛維奇·瓦西里耶夫""]"
knight_former_name_easy,knight,survivor,easy,former_name,該角色的曾用名是？,米哈伊爾·托夫洛維奇·瓦西里耶夫,"[""格蕾絲·伍德"",""里奧·貝克"",""米哈伊爾·托夫洛維奇·瓦西里耶夫""]"
knight_nickname_easy,knight,survivor,easy,nickname,該角色的小名是？,米沙,"[""奧菲"",""米沙"",""小幸""]"
knight_alias_easy,knight,survivor,easy,alias,玩家可能怎麼稱呼該角色？,77,"[""皮皮善"",""黑心鹿"",""77""]"
knight_camp_easy,knight,survivor,easy,camp,該角色的陣營是？,求生者,"[""求生者"",""監管者""]"
knight_birthday_or_anniversary_easy,knight,survivor,easy,birthday_or_anniversary,該角色的生日／紀念日是？,9月8日,"[""9月8日"",""5月25日"",""5月18日""]"
knight_gender_easy,knight,survivor,easy,gender,該角色的性別是？,男,"[""女"",""男""]"
knight_likes_easy,knight,survivor,easy,likes,該角色喜歡？,古典音樂、史詩傳說,"[""小孩和圓滿的家庭，寶石、金幣之類亮閃閃的玩意"",""貴重金屬、天然寶石"",""古典音樂、史詩傳說""]"
knight_dislikes_easy,knight,survivor,easy,dislikes,該角色討厭？,所有人、酒,"[""無用的、聒噪的人或物"",""所有人、酒"",""疼痛、醫院""]"
knight_representative_s_tier_costume_easy,knight,survivor,easy,representative_s_tier_costume,該角色擁有哪些時裝？,紅騎士,"[""報社主編"",""為智者加冕"",""紅騎士""]"
knight_representative_a_tier_costume_easy,knight,survivor,easy,representative_a_tier_costume,該角色擁有哪些時裝？,欣梅爾,"[""欣梅爾"",""海鹽特調、裁決之酒"",""童話國""]"
knight_cn_release_date_hard,knight,survivor,hard,cn_release_date,該角色的上線日期為？,2024-10-17,"[""2018-08-09"",""2024-10-17"",""2019-10-17""]"
knight_cn_voice_actor_hard,knight,survivor,hard,cn_voice_actor,該角色的中文配音演員為？,張琪,"[""張琪"",""張安琪"",""董勝章""]"
meteorologist_manor_name_easy,meteorologist,survivor,easy,manor_name,該角色在莊園的名字是？,溫迪·福特,"[""阿爾瓦·洛倫茲"",""查理斯·霍爾特"",""溫迪·福特""]"
meteorologist_real_name_easy,meteorologist,survivor,easy,real_name,該角色的本名是？,溫迪·福特,"[""溫迪·福特"",""黛米·波本"",""弗洛裡安·布蘭德""]"
meteorologist_alias_easy,meteorologist,survivor,easy,alias,玩家可能怎麼稱呼該角色？,冷臉萌氣氣,"[""皮皮善"",""冷臉萌氣氣"",""大米""]"
meteorologist_camp_easy,meteorologist,survivor,easy,camp,該角色的陣營是？,求生者,"[""求生者"",""監管者""]"
meteorologist_birthday_or_anniversary_easy,meteorologist,survivor,easy,birthday_or_anniversary,該角色的生日／紀念日是？,2月11日,"[""9月28日"",""5月11日"",""2月11日""]"
meteorologist_gender_easy,meteorologist,survivor,easy,gender,該角色的性別是？,女,"[""女"",""男""]"
meteorologist_likes_easy,meteorologist,survivor,easy,likes,該角色喜歡？,創新的事物、氣象研究、甜食,"[""飛禽"",""機械、機關、建築、伏特加"",""創新的事物、氣象研究、甜食""]"
meteorologist_dislikes_easy,meteorologist,survivor,easy,dislikes,該角色討厭？,颶風、洪水、抄襲者,"[""暴力的人"",""虐待動物的人、獵奇表演"",""颶風、洪水、抄襲者""]"
meteorologist_representative_s_tier_costume_easy,meteorologist,survivor,easy,representative_s_tier_costume,該角色擁有哪些時裝？,采風的仙靈,"[""不會枯萎的花"",""采風的仙靈"",""夢旅人""]"
meteorologist_representative_a_tier_costume_easy,meteorologist,survivor,easy,representative_a_tier_costume,該角色擁有哪些時裝？,芙莉蓮,"[""芙莉蓮"",""與風共舞、向深處求告、芳澤霞"",""蘭斯洛特、維特、正義的砝碼""]"
meteorologist_cn_release_date_hard,meteorologist,survivor,hard,cn_release_date,該角色的上線日期為？,2025-01-23,"[""2025-04-24"",""2025-01-23"",""2024-11-14""]"
meteorologist_cn_voice_actor_hard,meteorologist,survivor,hard,cn_voice_actor,該角色的中文配音演員為？,蘇婉,"[""穆雪婷"",""蘇婉"",""王宇航""]"
archer_manor_name_easy,archer,survivor,easy,manor_name,該角色在莊園的名字是？,伯倫希爾·維魯弗,"[""克利切·皮爾森"",""麥克·莫頓"",""伯倫希爾·維魯弗""]"
archer_real_name_easy,archer,survivor,easy,real_name,該角色的本名是？,伯倫希爾·維魯弗,"[""伯倫希爾·維魯弗"",""艾格·瓦爾登"",""愛麗絲·德羅斯""]"
archer_alias_easy,archer,survivor,easy,alias,玩家可能怎麼稱呼該角色？,菠蘿餡,"[""菠蘿餡"",""蝶后"",""默默""]"
archer_camp_easy,archer,survivor,easy,camp,該角色的陣營是？,求生者,"[""監管者"",""求生者""]"
archer_birthday_or_anniversary_easy,archer,survivor,easy,birthday_or_anniversary,該角色的生日／紀念日是？,7月30日,"[""7月30日"",""4月30日"",""5月21日""]"
archer_gender_easy,archer,survivor,easy,gender,該角色的性別是？,女,"[""女"",""男""]"
archer_likes_easy,archer,survivor,easy,likes,該角色喜歡？,一切美食、一切美酒、舉辦宴會、睡覺,"[""娜塔莉"",""一切美食、一切美酒、舉辦宴會、睡覺"",""駝鹿、獵犬""]"
archer_dislikes_easy,archer,survivor,easy,dislikes,該角色討厭？,叛徒、無腦蠻鬥者、海軍、繁雜不實的事物,"[""與人交往"",""叛徒、無腦蠻鬥者、海軍、繁雜不實的事物"",""密碼機""]"
archer_representative_s_tier_costume_easy,archer,survivor,easy,representative_s_tier_costume,該角色擁有哪些時裝？,不合時宜的維魯弗,"[""靈狐"",""司藥"",""不合時宜的維魯弗""]"
archer_representative_a_tier_costume_easy,archer,survivor,easy,representative_a_tier_costume,該角色擁有哪些時裝？,"Pinky、""發散譜""R","[""茶話會、祈雨珠"",""Pinky、\""發散譜\""R"",""暹羅厘普、知更鳥""]"
archer_cn_release_date_hard,archer,survivor,hard,cn_release_date,該角色的上線日期為？,2025-03-13,"[""2026-04-23"",""2022-12-01"",""2025-03-13""]"
escape_master_manor_name_easy,escape_master,survivor,easy,manor_name,該角色在莊園的名字是？,埃弗隆·懷茲,"[""艾達·梅斯默"",""埃弗隆·懷茲"",""約瑟夫""]"
escape_master_real_name_easy,escape_master,survivor,easy,real_name,該角色的本名是？,埃弗隆·懷茲,"[""愛麗絲·德羅斯"",""馬蒂亞斯·切爾寧"",""埃弗隆·懷茲""]"
escape_master_alias_easy,escape_master,survivor,easy,alias,玩家可能怎麼稱呼該角色？,光頭哥,"[""憨蛋"",""光頭哥"",""冷臉萌氣氣""]"
escape_master_camp_easy,escape_master,survivor,easy,camp,該角色的陣營是？,求生者,"[""求生者"",""監管者""]"
escape_master_gender_easy,escape_master,survivor,easy,gender,該角色的性別是？,男,"[""男"",""女""]"
escape_master_representative_s_tier_costume_easy,escape_master,survivor,easy,representative_s_tier_costume,該角色擁有哪些時裝？,死生之諭,"[""KING-h1"",""死生之諭"",""岩鴿""]"
escape_master_representative_a_tier_costume_easy,escape_master,survivor,easy,representative_a_tier_costume,該角色擁有哪些時裝？,囚星,"[""囚星"",""聽海閑情、瑪利亞公理"",""豐悅、\""非賣品\""、\""阿拉丁\""""]"
escape_master_cn_release_date_hard,escape_master,survivor,hard,cn_release_date,該角色的上線日期為？,2025-05-22,"[""2025-05-22"",""2018-09-13"",""2024-08-22""]"
escape_master_cn_voice_actor_hard,escape_master,survivor,hard,cn_voice_actor,該角色的中文配音演員為？,王柏超,"[""武向彤"",""王柏超"",""劉北辰""]"
magic_lantern_operator_manor_name_easy,magic_lantern_operator,survivor,easy,manor_name,該角色在莊園的名字是？,阿曼達·加蒂斯,"[""伊德海拉"",""阿曼達·加蒂斯"",""美智子""]"
magic_lantern_operator_real_name_easy,magic_lantern_operator,survivor,easy,real_name,該角色的本名是？,阿曼達·加蒂斯,"[""柯根·尼古拉斯·基奧"",""阿曼達·加蒂斯"",""裘克""]"
magic_lantern_operator_alias_easy,magic_lantern_operator,survivor,easy,alias,玩家可能怎麼稱呼該角色？,幻幻,"[""芙蓉"",""蜂蜂"",""幻幻""]"
magic_lantern_operator_camp_easy,magic_lantern_operator,survivor,easy,camp,該角色的陣營是？,求生者,"[""求生者"",""監管者""]"
magic_lantern_operator_birthday_or_anniversary_easy,magic_lantern_operator,survivor,easy,birthday_or_anniversary,該角色的生日／紀念日是？,10月19日,"[""10月19日"",""9月13日"",""1月13日""]"
magic_lantern_operator_gender_easy,magic_lantern_operator,survivor,easy,gender,該角色的性別是？,女,"[""女"",""男""]"
magic_lantern_operator_likes_easy,magic_lantern_operator,survivor,easy,likes,該角色喜歡？,犯罪小說、寓言故事、萬壽菊,"[""犯罪小說、寓言故事、萬壽菊"",""能面、頭紗、和服"",""鳥類""]"
magic_lantern_operator_dislikes_easy,magic_lantern_operator,survivor,easy,dislikes,該角色討厭？,睡眠、縫紉、狂信徒,"[""睡眠、縫紉、狂信徒"",""陽光、火把"",""耶誕節""]"
magic_lantern_operator_representative_s_tier_costume_easy,magic_lantern_operator,survivor,easy,representative_s_tier_costume,該角色擁有哪些時裝？,於此岸赴宴,"[""於此岸赴宴"",""今夜不再"",""典獄長""]"
magic_lantern_operator_representative_a_tier_costume_easy,magic_lantern_operator,survivor,easy,representative_a_tier_costume,該角色擁有哪些時裝？,暹羅厘普、知更鳥,"[""暹羅厘普、知更鳥"",""\""夜魔\""、籠中偶"",""囚星""]"
magic_lantern_operator_cn_release_date_hard,magic_lantern_operator,survivor,hard,cn_release_date,該角色的上線日期為？,2025-10-11,"[""2025-10-11"",""2018-08-09"",""2021-08-05""]"
magic_lantern_operator_experiment_code_hard,magic_lantern_operator,survivor,hard,experiment_code,該角色的實驗代號為？,12-1-1,"[""5-?-1"",""12-1-1"",""4-0-4""]"
matador_manor_name_easy,matador,survivor,easy,manor_name,該角色在莊園的名字是？,赫南多·羅梅羅,"[""赫南多·羅梅羅"",""弗雷迪·萊利"",""馬庫斯·索恩""]"
matador_real_name_easy,matador,survivor,easy,real_name,該角色的本名是？,赫南多·羅梅羅,"[""赫南多·羅梅羅"",""甘吉·古普塔"",""瓦爾萊塔""]"
matador_alias_easy,matador,survivor,easy,alias,玩家可能怎麼稱呼該角色？,赫南多,"[""赫南多"",""軍火商"",""蜂蜂""]"
matador_camp_easy,matador,survivor,easy,camp,該角色的陣營是？,求生者,"[""求生者"",""監管者""]"
matador_gender_easy,matador,survivor,easy,gender,該角色的性別是？,男,"[""女"",""男""]"
matador_representative_s_tier_costume_easy,matador,survivor,easy,representative_s_tier_costume,該角色擁有哪些時裝？,此在無棲,"[""招風旗"",""此在無棲"",""當鋪老闆""]"
matador_cn_release_date_hard,matador,survivor,hard,cn_release_date,該角色的上線日期為？,2026-02-05,"[""2020-11-26"",""2024-04-30"",""2026-02-05""]"
matador_cn_voice_actor_hard,matador,survivor,hard,cn_voice_actor,該角色的中文配音演員為？,樊浩宇,"[""蘇鑫"",""樊浩宇"",""張文鈺""]"
mime_manor_name_easy,mime,survivor,easy,manor_name,該角色在莊園的名字是？,克萊奧·德克魯,"[""黛米·波本"",""克萊奧·德克魯"",""瓦倫蒂娜·雅加·瓦西裡耶娃""]"
mime_real_name_easy,mime,survivor,easy,real_name,該角色的本名是？,克萊奧·德克魯,"[""庫特·弗蘭克"",""克萊奧·德克魯"",""菲歐娜·吉爾曼""]"
mime_alias_easy,mime,survivor,easy,alias,玩家可能怎麼稱呼該角色？,默默,"[""潘麗娟"",""小孩"",""默默""]"
mime_camp_easy,mime,survivor,easy,camp,該角色的陣營是？,求生者,"[""監管者"",""求生者""]"
mime_gender_easy,mime,survivor,easy,gender,該角色的性別是？,女,"[""女"",""男""]"
mime_representative_s_tier_costume_easy,mime,survivor,easy,representative_s_tier_costume,該角色擁有哪些時裝？,夢旅人,"[""雨燕先生"",""福爾摩斯"",""夢旅人""]"
mime_cn_release_date_hard,mime,survivor,hard,cn_release_date,該角色的上線日期為？,2026-06-03,"[""2023-08-31"",""2021-08-05"",""2026-06-03""]"
mime_cn_voice_actor_hard,mime,survivor,hard,cn_voice_actor,該角色的中文配音演員為？,苗子,"[""苗子"",""張琦"",""許棕哲""]"
factory_manager_manor_name_easy,factory_manager,hunter,easy,manor_name,該角色在莊園的名字是？,里奧,"[""傑克"",""威爾三兄弟"",""里奧""]"
factory_manager_real_name_easy,factory_manager,hunter,easy,real_name,該角色的本名是？,里奧·貝克,"[""伯倫希爾·維魯弗"",""穆羅"",""里奧·貝克""]"
factory_manager_former_name_easy,factory_manager,hunter,easy,former_name,該角色的曾用名是？,里奧·貝克,"[""蕭遙"",""里奧·貝克"",""威爾·羅比/威爾·馬克/威爾·史帝夫""]"
factory_manager_alias_easy,factory_manager,hunter,easy,alias,玩家可能怎麼稱呼該角色？,老父親,"[""老父親"",""法法"",""老奶""]"
factory_manager_camp_easy,factory_manager,hunter,easy,camp,該角色的陣營是？,監管者,"[""求生者"",""監管者""]"
factory_manager_birthday_or_anniversary_easy,factory_manager,hunter,easy,birthday_or_anniversary,該角色的生日／紀念日是？,12月21日,"[""10月27日"",""3月17日"",""12月21日""]"
factory_manager_gender_easy,factory_manager,hunter,easy,gender,該角色的性別是？,男,"[""女"",""男""]"
factory_manager_likes_easy,factory_manager,hunter,easy,likes,該角色喜歡？,家人,"[""小孩和圓滿的家庭，寶石、金幣之類亮閃閃的玩意"",""圖書館、家人、深秋"",""家人""]"
factory_manager_dislikes_easy,factory_manager,hunter,easy,dislikes,該角色討厭？,老鼠、狐狸,"[""黑暗的環境、鳥類的叫聲"",""火光"",""老鼠、狐狸""]"
factory_manager_representative_s_tier_costume_easy,factory_manager,hunter,easy,representative_s_tier_costume,該角色擁有哪些時裝？,闔家宴,"[""闔家宴"",""此在無棲"",""紅騎士""]"
factory_manager_representative_a_tier_costume_easy,factory_manager,hunter,easy,representative_a_tier_costume,該角色擁有哪些時裝？,"豐悅、""非賣品""、""阿拉丁""","[""欣梅爾"",""此地禁行"",""豐悅、\""非賣品\""、\""阿拉丁\""""]"
factory_manager_abyss_s_or_a_costume_easy,factory_manager,hunter,easy,abyss_s_or_a_costume,該角色擁有哪些時裝？,嗜金海怪、海怪船長,"[""紅菱豔、猩紅新娘、致命溫柔"",""嗜金海怪、海怪船長"",""暮影、澄明的理性、被遺忘的喬治""]"
factory_manager_cn_release_date_hard,factory_manager,hunter,hard,cn_release_date,該角色的上線日期為？,2018-04-02,"[""2018-04-02"",""2023-06-21"",""2020-06-24""]"
factory_manager_cn_voice_actor_hard,factory_manager,hunter,hard,cn_voice_actor,該角色的中文配音演員為？,蘇鑫,"[""賀若帆"",""蘇鑫"",""黃驥""]"
factory_manager_experiment_code_hard,factory_manager,hunter,hard,experiment_code,該角色的實驗代號為？,1-12-22-13,"[""1-12-22-13"",""13-1-2"",""3-1-4""]"
clown_hunter_manor_name_easy,clown_hunter,hunter,easy,manor_name,該角色在莊園的名字是？,裘克,"[""維克多·葛蘭茲"",""裘克"",""帕緹夏·多里瓦爾""]"
clown_hunter_real_name_easy,clown_hunter,hunter,easy,real_name,該角色的本名是？,裘克,"[""伊塔·維魯弗"",""裘克"",""邦邦""]"
clown_hunter_alias_easy,clown_hunter,hunter,easy,alias,玩家可能怎麼稱呼該角色？,丑皇,"[""占占"",""丑皇"",""老奶""]"
clown_hunter_camp_easy,clown_hunter,hunter,easy,camp,該角色的陣營是？,監管者,"[""監管者"",""求生者""]"
clown_hunter_birthday_or_anniversary_easy,clown_hunter,hunter,easy,birthday_or_anniversary,該角色的生日／紀念日是？,8月4日,"[""6月5日"",""8月4日"",""8月7日""]"
clown_hunter_gender_easy,clown_hunter,hunter,easy,gender,該角色的性別是？,男,"[""女"",""男""]"
clown_hunter_likes_easy,clown_hunter,hunter,easy,likes,該角色喜歡？,娜塔莉、電鋸,"[""製作精良的手杖和西服"",""森林、安靜的地方"",""娜塔莉、電鋸""]"
clown_hunter_dislikes_easy,clown_hunter,hunter,easy,dislikes,該角色討厭？,運動系的人、軟弱的人,"[""狗、人多的地方"",""尖銳的東西"",""運動系的人、軟弱的人""]"
clown_hunter_representative_s_tier_costume_easy,clown_hunter,hunter,easy,representative_s_tier_costume,該角色擁有哪些時裝？,變臉王,"[""變臉王"",""報社主編"",""珍奇櫃""]"
clown_hunter_representative_a_tier_costume_easy,clown_hunter,hunter,easy,representative_a_tier_costume,該角色擁有哪些時裝？,精緻的笑容、小丑皇,"[""精緻的笑容、小丑皇"",""垂淚的神女、瑤彩"",""夜潮、貝拉夫人""]"
clown_hunter_abyss_s_or_a_costume_easy,clown_hunter,hunter,easy,abyss_s_or_a_costume,該角色擁有哪些時裝？,樹形背景板、搗蛋裘克、稻草人,"[""蘭閨驚夢、真相小姐、等風來"",""蛋殼先生、蜀中客、秘密大廚"",""樹形背景板、搗蛋裘克、稻草人""]"
clown_hunter_cn_release_date_hard,clown_hunter,hunter,hard,cn_release_date,該角色的上線日期為？,2018-04-05,"[""2026-02-05"",""2018-04-05"",""2021-11-11""]"
clown_hunter_cn_voice_actor_hard,clown_hunter,hunter,hard,cn_voice_actor,該角色的中文配音演員為？,王宇航,"[""蘇鑫"",""王宇航"",""安志""]"
clown_hunter_experiment_code_hard,clown_hunter,hunter,hard,experiment_code,該角色的實驗代號為？,8-0-3,"[""1-12-22-13"",""6-1-4"",""8-0-3""]"
deer_head_manor_name_easy,deer_head,hunter,easy,manor_name,該角色在莊園的名字是？,班恩,"[""瑪爾塔·貝坦菲爾"",""埃米爾"",""班恩""]"
deer_head_real_name_easy,deer_head,hunter,easy,real_name,該角色的本名是？,班恩·佩雷茲,"[""班恩·佩雷茲"",""邦邦"",""瑟維·勒·羅伊""]"
deer_head_former_name_easy,deer_head,hunter,easy,former_name,該角色的曾用名是？,班恩·佩雷茲,"[""班恩·佩雷茲"",""羅伊·卡斐"",""格蕾絲·伍德""]"
deer_head_alias_easy,deer_head,hunter,easy,alias,玩家可能怎麼稱呼該角色？,黑心鹿,"[""掏哥"",""愛美麗"",""黑心鹿""]"
deer_head_camp_easy,deer_head,hunter,easy,camp,該角色的陣營是？,監管者,"[""求生者"",""監管者""]"
deer_head_birthday_or_anniversary_easy,deer_head,hunter,easy,birthday_or_anniversary,該角色的生日／紀念日是？,5月21日,"[""5月21日"",""4月16日"",""1月13日""]"
deer_head_gender_easy,deer_head,hunter,easy,gender,該角色的性別是？,男,"[""男"",""女""]"
deer_head_likes_easy,deer_head,hunter,easy,likes,該角色喜歡？,駝鹿、獵犬,"[""水"",""睿智、具備創造性的"",""駝鹿、獵犬""]"
deer_head_dislikes_easy,deer_head,hunter,easy,dislikes,該角色討厭？,槍、獸夾陷阱,"[""淺薄無知的人、不受控制的事"",""槍、獸夾陷阱"",""世俗的規矩、循規蹈矩的人""]"
deer_head_representative_s_tier_costume_easy,deer_head,hunter,easy,representative_s_tier_costume,該角色擁有哪些時裝？,金匠,"[""金匠"",""招風旗"",""蝰""]"
deer_head_representative_a_tier_costume_easy,deer_head,hunter,easy,representative_a_tier_costume,該角色擁有哪些時裝？,聞雷爪,"[""神眷、東風遙"",""聞雷爪"",""寒香舞、天河""]"
deer_head_abyss_s_or_a_costume_easy,deer_head,hunter,easy,abyss_s_or_a_costume,該角色擁有哪些時裝？,刻律涅之傷、聖誕狂鹿、阿努比斯,"[""鄉村牧師、升學禮、游隼"",""刻律涅之傷、聖誕狂鹿、阿努比斯"",""達克斯上校、推理先生、彈簧手""]"
deer_head_cn_release_date_hard,deer_head,hunter,hard,cn_release_date,該角色的上線日期為？,2018-04-05,"[""2018-04-05"",""2024-06-13"",""2022-08-04""]"
deer_head_cn_voice_actor_hard,deer_head,hunter,hard,cn_voice_actor,該角色的中文配音演員為？,蘇鑫,"[""王宇航"",""蘇鑫"",""徐慧""]"
jack_manor_name_easy,jack,hunter,easy,manor_name,該角色在莊園的名字是？,傑克,"[""威爾三兄弟"",""麥克·莫頓"",""傑克""]"
jack_alias_easy,jack,hunter,easy,alias,玩家可能怎麼稱呼該角色？,爪爪杰,"[""小羅比"",""爪爪杰"",""蝶后""]"
jack_camp_easy,jack,hunter,easy,camp,該角色的陣營是？,監管者,"[""監管者"",""求生者""]"
jack_birthday_or_anniversary_easy,jack,hunter,easy,birthday_or_anniversary,該角色的生日／紀念日是？,8月7日,"[""1月2日"",""8月7日"",""10月4日""]"
jack_gender_easy,jack,hunter,easy,gender,該角色的性別是？,男,"[""女"",""男""]"
jack_likes_easy,jack,hunter,easy,likes,該角色喜歡？,有霧的夜晚,"[""草藥、木雕、黃金飾品"",""有霧的夜晚"",""貴重金屬、天然寶石""]"
jack_dislikes_easy,jack,hunter,easy,dislikes,該角色討厭？,手電筒,"[""虐待動物的人、獵奇表演"",""手電筒"",""狗、人多的地方""]"
jack_representative_s_tier_costume_easy,jack,hunter,easy,representative_s_tier_costume,該角色擁有哪些時裝？,烏骨,"[""半精靈騎士"",""血宴"",""烏骨""]"
jack_representative_a_tier_costume_easy,jack,hunter,easy,representative_a_tier_costume,該角色擁有哪些時裝？,翦燭、忘川渡人,"[""蘭斯洛特、維特、正義的砝碼"",""明日之輝、名譽首席"",""翦燭、忘川渡人""]"
jack_abyss_s_or_a_costume_easy,jack,hunter,easy,abyss_s_or_a_costume,該角色擁有哪些時裝？,"""好孩子""、斯文加利、林中騎士","[""小明星、BISHOP-f1、OPH. LILY"",""收藏品、淋浴、粉焰舞曲"",""\""好孩子\""、斯文加利、林中騎士""]"
jack_cn_release_date_hard,jack,hunter,hard,cn_release_date,該角色的上線日期為？,2018-04-05,"[""2018-04-02"",""2020-03-19"",""2018-04-05""]"
jack_cn_voice_actor_hard,jack,hunter,hard,cn_voice_actor,該角色的中文配音演員為？,梁達偉,"[""馬洋"",""梁達偉"",""苗子""]"
jack_experiment_code_hard,jack,hunter,hard,experiment_code,該角色的實驗代號為？,2-0-2,"[""10-0-1"",""11-0-2"",""2-0-2""]"
spider_manor_name_easy,spider,hunter,easy,manor_name,該角色在莊園的名字是？,瓦爾萊塔,"[""傑克"",""瓦爾萊塔"",""弗雷迪·萊利""]"
spider_real_name_easy,spider,hunter,easy,real_name,該角色的本名是？,瓦爾萊塔,"[""凱文·阿尤索"",""美智子"",""瓦爾萊塔""]"
spider_alias_easy,spider,hunter,easy,alias,玩家可能怎麼稱呼該角色？,法拉蛛,"[""憨蛋"",""占占"",""法拉蛛""]"
spider_camp_easy,spider,hunter,easy,camp,該角色的陣營是？,監管者,"[""監管者"",""求生者""]"
spider_birthday_or_anniversary_easy,spider,hunter,easy,birthday_or_anniversary,該角色的生日／紀念日是？,1月2日,"[""11月2日"",""1月2日"",""4月30日""]"
spider_gender_easy,spider,hunter,easy,gender,該角色的性別是？,女,"[""女"",""男""]"
spider_likes_easy,spider,hunter,easy,likes,該角色喜歡？,玩偶、帳篷,"[""黑暗的環境、優酪乳牛肉、雨天"",""玩偶、帳篷"",""玩耍、玩具、花草、板球""]"
spider_dislikes_easy,spider,hunter,easy,dislikes,該角色討厭？,火焰、陽光,"[""火焰、陽光"",""昆蟲"",""水""]"
spider_representative_s_tier_costume_easy,spider,hunter,easy,representative_s_tier_costume,該角色擁有哪些時裝？,花祭,"[""恆夢"",""死生之諭"",""花祭""]"
spider_representative_a_tier_costume_easy,spider,hunter,easy,representative_a_tier_costume,該角色擁有哪些時裝？,黃金燭台,"[""點金"",""黃金燭台"",""黎明賦格、靈犀妙探""]"
spider_abyss_s_or_a_costume_easy,spider,hunter,easy,abyss_s_or_a_costume,該角色擁有哪些時裝？,時之獵手、聚光燈下、窺伺之心,"[""\""好孩子\""、斯文加利、林中騎士"",""時之獵手、聚光燈下、窺伺之心"",""白金阿拉丁、\""假面紳士\""、動力芯""]"
spider_cn_release_date_hard,spider,hunter,hard,cn_release_date,該角色的上線日期為？,2018-04-19,"[""2018-04-19"",""2019-05-09"",""2019-01-24""]"
spider_cn_voice_actor_hard,spider,hunter,hard,cn_voice_actor,該角色的中文配音演員為？,武向彤,"[""武向彤"",""黃鶯"",""馬洋""]"
spider_experiment_code_hard,spider,hunter,hard,experiment_code,該角色的實驗代號為？,8-0-1,"[""8-0-1"",""9-?-3"",""6-0-5""]"
red_butterfly_manor_name_easy,red_butterfly,hunter,easy,manor_name,該角色在莊園的名字是？,美智子,"[""埃弗隆·懷茲"",""美智子"",""艾瑪·伍茲""]"
red_butterfly_real_name_easy,red_butterfly,hunter,easy,real_name,該角色的本名是？,美智子,"[""菲利普"",""約瑟夫·德拉索恩斯"",""美智子""]"
red_butterfly_alias_easy,red_butterfly,hunter,easy,alias,玩家可能怎麼稱呼該角色？,蝶后,"[""赫南多"",""員神"",""蝶后""]"
red_butterfly_camp_easy,red_butterfly,hunter,easy,camp,該角色的陣營是？,監管者,"[""監管者"",""求生者""]"
red_butterfly_birthday_or_anniversary_easy,red_butterfly,hunter,easy,birthday_or_anniversary,該角色的生日／紀念日是？,2月18日,"[""5月11日"",""2月18日"",""12月27日""]"
red_butterfly_gender_easy,red_butterfly,hunter,easy,gender,該角色的性別是？,女,"[""男"",""女""]"
red_butterfly_likes_easy,red_butterfly,hunter,easy,likes,該角色喜歡？,能面、頭紗、和服,"[""滑翔機、熱兵器"",""能面、頭紗、和服"",""貴重金屬、天然寶石""]"
red_butterfly_dislikes_easy,red_butterfly,hunter,easy,dislikes,該角色討厭？,鏡子、別人的視線,"[""庸碌的人、珍珠、秘密被他人知曉"",""鏡子、別人的視線"",""尖銳的東西""]"
red_butterfly_representative_s_tier_costume_easy,red_butterfly,hunter,easy,representative_s_tier_costume,該角色擁有哪些時裝？,十三娘,"[""於此岸赴宴"",""初擁"",""十三娘""]"
red_butterfly_representative_a_tier_costume_easy,red_butterfly,hunter,easy,representative_a_tier_costume,該角色擁有哪些時裝？,竹華、花嫁,"[""珊瑚夫人、花序"",""長夏永不凋落、怪鳥"",""竹華、花嫁""]"
red_butterfly_abyss_s_or_a_costume_easy,red_butterfly,hunter,easy,abyss_s_or_a_costume,該角色擁有哪些時裝？,白孔雀、更紗、羅生門,"[""白孔雀、更紗、羅生門"",""璀璨的孤狼、黑鬱金香、雀舌"",""\""好孩子\""、斯文加利、林中騎士""]"
red_butterfly_cn_release_date_hard,red_butterfly,hunter,hard,cn_release_date,該角色的上線日期為？,2018-05-17,"[""2018-08-09"",""2018-05-17"",""2025-11-27""]"
red_butterfly_cn_voice_actor_hard,red_butterfly,hunter,hard,cn_voice_actor,該角色的中文配音演員為？,黃鶯,"[""杜晴晴"",""黃鶯"",""劉雨軒""]"
red_butterfly_experiment_code_hard,red_butterfly,hunter,hard,experiment_code,該角色的實驗代號為？,6-1-2,"[""3-1-5"",""4-0-2"",""6-1-2""]"
hastur_manor_name_easy,hastur,hunter,easy,manor_name,該角色在莊園的名字是？,哈斯塔,"[""溫迪·福特"",""梅莉·普林尼"",""哈斯塔""]"
hastur_real_name_easy,hastur,hunter,easy,real_name,該角色的本名是？,哈斯塔,"[""埃米爾"",""哈斯塔"",""盧卡斯·巴爾薩克""]"
hastur_alias_easy,hastur,hunter,easy,alias,玩家可能怎麼稱呼該角色？,章魚哥,"[""章魚哥"",""貓貓人"",""開塞露""]"
hastur_camp_easy,hastur,hunter,easy,camp,該角色的陣營是？,監管者,"[""求生者"",""監管者""]"
hastur_birthday_or_anniversary_easy,hastur,hunter,easy,birthday_or_anniversary,該角色的生日／紀念日是？,1月24日,"[""1月24日"",""10月4日"",""5月29日""]"
hastur_representative_s_tier_costume_easy,hastur,hunter,easy,representative_s_tier_costume,該角色擁有哪些時裝？,死靈師,"[""福爾摩斯"",""死靈師"",""川上富江""]"
hastur_representative_a_tier_costume_easy,hastur,hunter,easy,representative_a_tier_costume,該角色擁有哪些時裝？,海神之冕,"[""聞雷爪"",""海神之冕"",""謫仙""]"
hastur_abyss_s_or_a_costume_easy,hastur,hunter,easy,abyss_s_or_a_costume,該角色擁有哪些時裝？,異星、克朗普斯、波塞冬,"[""羅密歐、湖中影、瑪吉努"",""紅菱豔、猩紅新娘、致命溫柔"",""異星、克朗普斯、波塞冬""]"
hastur_cn_release_date_hard,hastur,hunter,hard,cn_release_date,該角色的上線日期為？,2018-06-14,"[""2018-06-14"",""2020-09-24"",""2021-10-14""]"
hastur_cn_voice_actor_hard,hastur,hunter,hard,cn_voice_actor,該角色的中文配音演員為？,王宇航,"[""張琪"",""徐慧"",""王宇航""]"
hastur_experiment_code_hard,hastur,hunter,hard,experiment_code,該角色的實驗代號為？,6-0-5,"[""4-0-2"",""8-0-3"",""6-0-5""]"
shade_umbrella_soul_manor_name_easy,shade_umbrella_soul,hunter,easy,manor_name,該角色在莊園的名字是？,謝必安/范無咎,"[""“回憶”"",""赫南多·羅梅羅"",""謝必安/范無咎""]"
shade_umbrella_soul_real_name_easy,shade_umbrella_soul,hunter,easy,real_name,該角色的本名是？,謝必安/范無咎,"[""安東尼奧"",""珀西"",""謝必安/范無咎""]"
shade_umbrella_soul_alias_easy,shade_umbrella_soul,hunter,easy,alias,玩家可能怎麼稱呼該角色？,小黑小白,"[""光頭哥"",""小黑小白"",""月亮河之母""]"
shade_umbrella_soul_camp_easy,shade_umbrella_soul,hunter,easy,camp,該角色的陣營是？,監管者,"[""監管者"",""求生者""]"
shade_umbrella_soul_birthday_or_anniversary_easy,shade_umbrella_soul,hunter,easy,birthday_or_anniversary,該角色的生日／紀念日是？,農曆七月十五日,"[""農曆七月十五日"",""4月23日"",""5月7日""]"
shade_umbrella_soul_gender_easy,shade_umbrella_soul,hunter,easy,gender,該角色的性別是？,男,"[""男"",""女""]"
shade_umbrella_soul_likes_easy,shade_umbrella_soul,hunter,easy,likes,該角色喜歡？,司南、傘,"[""司南、傘"",""運動會"",""製作精良的手杖和西服""]"
shade_umbrella_soul_dislikes_easy,shade_umbrella_soul,hunter,easy,dislikes,該角色討厭？,雨、繩子,"[""雨、繩子"",""輿論場、高風險、公關工作"",""槍、獸夾陷阱""]"
shade_umbrella_soul_representative_s_tier_costume_easy,shade_umbrella_soul,hunter,easy,representative_s_tier_costume,該角色擁有哪些時裝？,粲然的北辰,"[""暉之羽"",""路克"",""粲然的北辰""]"
shade_umbrella_soul_representative_a_tier_costume_easy,shade_umbrella_soul,hunter,easy,representative_a_tier_costume,該角色擁有哪些時裝？,神眷、東風遙,"[""黎明賦格、靈犀妙探"",""幽夜終章"",""神眷、東風遙""]"
shade_umbrella_soul_abyss_s_or_a_costume_easy,shade_umbrella_soul,hunter,easy,abyss_s_or_a_costume,該角色擁有哪些時裝？,晨昏之隙、殘花淚、麒麟商人,"[""晨昏之隙、殘花淚、麒麟商人"",""緊急運輸"",""聖誕沙龍、竊夢行者、猙""]"
shade_umbrella_soul_cn_release_date_hard,shade_umbrella_soul,hunter,hard,cn_release_date,該角色的上線日期為？,2018-08-23,"[""2018-08-23"",""2019-08-27"",""2019-12-08""]"
shade_umbrella_soul_cn_voice_actor_hard,shade_umbrella_soul,hunter,hard,cn_voice_actor,該角色的中文配音演員為？,孫曄,"[""孫曄"",""劉垚"",""黃鶯""]"
shade_umbrella_soul_experiment_code_hard,shade_umbrella_soul,hunter,hard,experiment_code,該角色的實驗代號為？,5-0-3-U,"[""3-?-2"",""5-0-3-U"",""10-0-2/11-1-1""]"
photographer_manor_name_easy,photographer,hunter,easy,manor_name,該角色在莊園的名字是？,約瑟夫,"[""約瑟夫"",""黛米·波本"",""何塞·巴登""]"
photographer_real_name_easy,photographer,hunter,easy,real_name,該角色的本名是？,約瑟夫·德拉索恩斯,"[""克利切·皮爾森"",""柯根·尼古拉斯·基奧"",""約瑟夫·德拉索恩斯""]"
photographer_former_name_easy,photographer,hunter,easy,former_name,該角色的曾用名是？,約瑟夫·德拉索恩斯,"[""梅莉·恩德洛武"",""伽拉泰亞·克勞德"",""約瑟夫·德拉索恩斯""]"
photographer_alias_easy,photographer,hunter,easy,alias,玩家可能怎麼稱呼該角色？,約約,"[""約約"",""傑弗里寶寶"",""電擊小子""]"
photographer_camp_easy,photographer,hunter,easy,camp,該角色的陣營是？,監管者,"[""求生者"",""監管者""]"
photographer_birthday_or_anniversary_easy,photographer,hunter,easy,birthday_or_anniversary,該角色的生日／紀念日是？,3月11日,"[""3月11日"",""12月21日"",""5月11日""]"
photographer_gender_easy,photographer,hunter,easy,gender,該角色的性別是？,男,"[""女"",""男""]"
photographer_likes_easy,photographer,hunter,easy,likes,該角色喜歡？,秋季、銀製品,"[""發明、學術期刊"",""草藥、木雕、黃金飾品"",""秋季、銀製品""]"
photographer_dislikes_easy,photographer,hunter,easy,dislikes,該角色討厭？,潮濕的東西、夏天,"[""暴力的人"",""潮濕的東西、夏天"",""尖音、刑具""]"
photographer_representative_s_tier_costume_easy,photographer,hunter,easy,representative_s_tier_costume,該角色擁有哪些時裝？,亡靈之主,"[""司藥"",""亡靈之主"",""蝰""]"
photographer_representative_a_tier_costume_easy,photographer,hunter,easy,representative_a_tier_costume,該角色擁有哪些時裝？,總裁判長、盛夏光影,"[""夜行梟、芥川龍之介"",""黃金燭台"",""總裁判長、盛夏光影""]"
photographer_abyss_s_or_a_costume_easy,photographer,hunter,easy,abyss_s_or_a_costume,該角色擁有哪些時裝？,"""D.M""、宿醉、浮士德","[""\""D.M\""、宿醉、浮士德"",""木蘭、填海平、黑鴉"",""多加雷薩、花間晚禱、校監夫人""]"
photographer_cn_release_date_hard,photographer,hunter,hard,cn_release_date,該角色的上線日期為？,2018-09-27,"[""2020-11-26"",""2024-06-13"",""2018-09-27""]"
photographer_cn_voice_actor_hard,photographer,hunter,hard,cn_voice_actor,該角色的中文配音演員為？,孫曄,"[""孫曄"",""劉飛"",""安志""]"
mad_eye_manor_name_easy,mad_eye,hunter,easy,manor_name,該角色在莊園的名字是？,巴爾克,"[""巴爾克"",""安德魯·克雷斯"",""奈布·薩貝達""]"
mad_eye_real_name_easy,mad_eye,hunter,easy,real_name,該角色的本名是？,巴爾克·拉·帕杜拉,"[""班恩·佩雷茲"",""巴爾克·拉·帕杜拉"",""梅莉·恩德洛武""]"
mad_eye_former_name_easy,mad_eye,hunter,easy,former_name,該角色的曾用名是？,巴爾克·拉·帕杜拉,"[""米哈伊爾·托夫洛維奇·瓦西里耶夫"",""巴爾克·拉·帕杜拉"",""莉迪亞·瓊斯""]"
mad_eye_alias_easy,mad_eye,hunter,easy,alias,玩家可能怎麼稱呼該角色？,老頭,"[""丁丁"",""老頭"",""電擊老頭""]"
mad_eye_camp_easy,mad_eye,hunter,easy,camp,該角色的陣營是？,監管者,"[""監管者"",""求生者""]"
mad_eye_birthday_or_anniversary_easy,mad_eye,hunter,easy,birthday_or_anniversary,該角色的生日／紀念日是？,11月27日,"[""4月3日"",""11月27日"",""11月17日""]"
mad_eye_gender_easy,mad_eye,hunter,easy,gender,該角色的性別是？,男,"[""女"",""男""]"
mad_eye_likes_easy,mad_eye,hunter,easy,likes,該角色喜歡？,機械、機關、建築、伏特加,"[""狩獵製品、武器"",""機械、機關、建築、伏特加"",""平靜的音樂、竹林""]"
mad_eye_dislikes_easy,mad_eye,hunter,easy,dislikes,該角色討厭？,破壞建築物和擅自使用設施的人,"[""炸藥"",""破壞建築物和擅自使用設施的人"",""尖音、白色、鏡子""]"
mad_eye_representative_s_tier_costume_easy,mad_eye,hunter,easy,representative_s_tier_costume,該角色擁有哪些時裝？,炎火之怒,"[""舞獅"",""獵物的印記"",""炎火之怒""]"
mad_eye_representative_a_tier_costume_easy,mad_eye,hunter,easy,representative_a_tier_costume,該角色擁有哪些時裝？,"測量者、""守財奴""、禁閉院長","[""測量者、\""守財奴\""、禁閉院長"",""翦燭、忘川渡人"",""女僕裝、\""未知射線\""X""]"
mad_eye_cn_release_date_hard,mad_eye,hunter,hard,cn_release_date,該角色的上線日期為？,2018-11-15,"[""2018-11-15"",""2020-01-18"",""2020-06-24""]"
mad_eye_cn_voice_actor_hard,mad_eye,hunter,hard,cn_voice_actor,該角色的中文配音演員為？,孟祥龍,"[""劉雨軒"",""孟祥龍"",""杜晴晴""]"
dream_witch_manor_name_easy,dream_witch,hunter,easy,manor_name,該角色在莊園的名字是？,伊德海拉,"[""安妮·萊斯特"",""查理斯·霍爾特"",""伊德海拉""]"
dream_witch_real_name_easy,dream_witch,hunter,easy,real_name,該角色的本名是？,伊德海拉,"[""弗雷德里克·克雷伯格"",""伊德海拉"",""桑格莉婭""]"
dream_witch_alias_easy,dream_witch,hunter,easy,alias,玩家可能怎麼稱呼該角色？,巫巫,"[""uu"",""巫巫"",""安東鳥""]"
dream_witch_camp_easy,dream_witch,hunter,easy,camp,該角色的陣營是？,監管者,"[""求生者"",""監管者""]"
dream_witch_birthday_or_anniversary_easy,dream_witch,hunter,easy,birthday_or_anniversary,該角色的生日／紀念日是？,10月2日,"[""4月2日"",""10月2日"",""1月21日""]"
dream_witch_gender_easy,dream_witch,hunter,easy,gender,該角色的性別是？,女,"[""男"",""女""]"
dream_witch_likes_easy,dream_witch,hunter,easy,likes,該角色喜歡？,新奇的生物,"[""新奇的生物"",""玩耍、玩具、花草、板球"",""美麗的""]"
dream_witch_representative_s_tier_costume_easy,dream_witch,hunter,easy,representative_s_tier_costume,該角色擁有哪些時裝？,川上富江,"[""亡靈之主"",""川上富江"",""倒逆之汞""]"
dream_witch_representative_a_tier_costume_easy,dream_witch,hunter,easy,representative_a_tier_costume,該角色擁有哪些時裝？,信使、瓦姬特,"[""此地禁行"",""獵龍者"",""信使、瓦姬特""]"
dream_witch_abyss_s_or_a_costume_easy,dream_witch,hunter,easy,abyss_s_or_a_costume,該角色擁有哪些時裝？,"""裁縫夫人""、蛇蠍美人、補天裂","[""\""裁縫夫人\""、蛇蠍美人、補天裂"",""雪上小王子、露營日、慟哭"",""莎樂美、梵音之舞、\""月佑者\""""]"
dream_witch_cn_release_date_hard,dream_witch,hunter,hard,cn_release_date,該角色的上線日期為？,2019-01-24,"[""2018-09-27"",""2019-01-24"",""2018-04-05""]"
dream_witch_cn_voice_actor_hard,dream_witch,hunter,hard,cn_voice_actor,該角色的中文配音演員為？,周帥,"[""王宇航"",""周帥"",""賀若帆""]"
crybaby_manor_name_easy,crybaby,hunter,easy,manor_name,該角色在莊園的名字是？,羅比,"[""羅比"",""裘克"",""盧基諾·迪魯西""]"
crybaby_real_name_easy,crybaby,hunter,easy,real_name,該角色的本名是？,羅比·懷特,"[""羅比·懷特"",""馬庫斯·索恩"",""克利切·皮爾森""]"
crybaby_former_name_easy,crybaby,hunter,easy,former_name,該角色的曾用名是？,羅比·懷特,"[""瑪麗·安托瓦內特"",""蕭遙"",""羅比·懷特""]"
crybaby_alias_easy,crybaby,hunter,easy,alias,玩家可能怎麼稱呼該角色？,小羅比,"[""牙牙"",""電擊小子"",""小羅比""]"
crybaby_camp_easy,crybaby,hunter,easy,camp,該角色的陣營是？,監管者,"[""求生者"",""監管者""]"
crybaby_birthday_or_anniversary_easy,crybaby,hunter,easy,birthday_or_anniversary,該角色的生日／紀念日是？,4月25日,"[""4月25日"",""10月2日"",""10月27日""]"
crybaby_gender_easy,crybaby,hunter,easy,gender,該角色的性別是？,男,"[""男"",""女""]"
crybaby_likes_easy,crybaby,hunter,easy,likes,該角色喜歡？,杜松、斧頭,"[""獅子、舞台燈"",""酒、音樂、錢"",""杜松、斧頭""]"
crybaby_dislikes_easy,crybaby,hunter,easy,dislikes,該角色討厭？,草藥,"[""草藥"",""陽光、火把"",""火焰、陽光""]"
crybaby_representative_s_tier_costume_easy,crybaby,hunter,easy,representative_s_tier_costume,該角色擁有哪些時裝？,當鋪老闆,"[""金匠"",""當鋪老闆"",""破碎的芙拉吉爾""]"
crybaby_representative_a_tier_costume_easy,crybaby,hunter,easy,representative_a_tier_costume,該角色擁有哪些時裝？,點金,"[""點金"",""黑鷲"",""蝕日者、此刻萬籟俱寂""]"
crybaby_abyss_s_or_a_costume_easy,crybaby,hunter,easy,abyss_s_or_a_costume,該角色擁有哪些時裝？,雪上小王子、露營日、慟哭,"[""夢境中的愛麗絲、恐懼的舊影、伊布"",""\""宴舞\""、逆旅驚魂、逐浪的玫瑰"",""雪上小王子、露營日、慟哭""]"
crybaby_cn_release_date_hard,crybaby,hunter,hard,cn_release_date,該角色的上線日期為？,2019-04-11,"[""2019-04-11"",""2023-04-20"",""2022-04-06""]"
crybaby_cn_voice_actor_hard,crybaby,hunter,hard,cn_voice_actor,該角色的中文配音演員為？,金娜,"[""杜晴晴"",""金娜"",""劉以嘉""]"
evil_reptile_manor_name_easy,evil_reptile,hunter,easy,manor_name,該角色在莊園的名字是？,盧基諾·迪魯西,"[""盧基諾·迪魯西"",""查理斯·霍爾特"",""帕緹夏·多里瓦爾""]"
evil_reptile_real_name_easy,evil_reptile,hunter,easy,real_name,該角色的本名是？,盧基諾·迪魯西,"[""盧基諾·迪魯西"",""伊塔·維魯弗"",""芬森·亨特""]"
evil_reptile_alias_easy,evil_reptile,hunter,easy,alias,玩家可能怎麼稱呼該角色？,跳跳蜥,"[""咒咒國王"",""跳跳蜥"",""微調哥""]"
evil_reptile_camp_easy,evil_reptile,hunter,easy,camp,該角色的陣營是？,監管者,"[""監管者"",""求生者""]"
evil_reptile_birthday_or_anniversary_easy,evil_reptile,hunter,easy,birthday_or_anniversary,該角色的生日／紀念日是？,11月13日,"[""1月13日"",""11月13日"",""12月27日""]"
evil_reptile_gender_easy,evil_reptile,hunter,easy,gender,該角色的性別是？,男,"[""男"",""女""]"
evil_reptile_likes_easy,evil_reptile,hunter,easy,likes,該角色喜歡？,夏季,"[""金絲雀"",""夏季"",""金錢、溫順的人""]"
evil_reptile_dislikes_easy,evil_reptile,hunter,easy,dislikes,該角色討厭？,寒冷,"[""叛徒、無腦蠻鬥者、海軍、繁雜不實的事物"",""寒冷"",""世俗的規矩、循規蹈矩的人""]"
evil_reptile_representative_s_tier_costume_easy,evil_reptile,hunter,easy,representative_s_tier_costume,該角色擁有哪些時裝？,路克,"[""路克"",""十三娘"",""歐律狄刻""]"
evil_reptile_representative_a_tier_costume_easy,evil_reptile,hunter,easy,representative_a_tier_costume,該角色擁有哪些時裝？,結晶體、耶夢加得,"[""信使、瓦姬特"",""黑鷲"",""結晶體、耶夢加得""]"
evil_reptile_abyss_s_or_a_costume_easy,evil_reptile,hunter,easy,abyss_s_or_a_costume,該角色擁有哪些時裝？,聖誕沙龍、竊夢行者、猙,"[""蘭閨驚夢、真相小姐、等風來"",""聖誕沙龍、竊夢行者、猙"",""年歲、滾滾夥伴、桃樂絲""]"
evil_reptile_cn_release_date_hard,evil_reptile,hunter,hard,cn_release_date,該角色的上線日期為？,2019-06-06,"[""2018-04-05"",""2018-11-15"",""2019-06-06""]"
evil_reptile_cn_voice_actor_hard,evil_reptile,hunter,hard,cn_voice_actor,該角色的中文配音演員為？,劉以嘉,"[""劉以嘉"",""翟巍"",""蘇鑫""]"
evil_reptile_experiment_code_hard,evil_reptile,hunter,hard,experiment_code,該角色的實驗代號為？,6-1-4,"[""9-?-4"",""11-0-2"",""6-1-4""]"
red_lady_manor_name_easy,red_lady,hunter,easy,manor_name,該角色在莊園的名字是？,瑪麗,"[""諾頓·坎貝爾"",""瑪麗"",""邦邦""]"
red_lady_real_name_easy,red_lady,hunter,easy,real_name,該角色的本名是？,瑪麗·安托瓦內特,"[""瑪麗·安托瓦內特"",""伊索·卡爾"",""梅莉·恩德洛武""]"
red_lady_former_name_easy,red_lady,hunter,easy,former_name,該角色的曾用名是？,瑪麗·安托瓦內特,"[""盧卡斯·巴爾薩克"",""約瑟夫·德拉索恩斯"",""瑪麗·安托瓦內特""]"
red_lady_alias_easy,red_lady,hunter,easy,alias,玩家可能怎麼稱呼該角色？,芙蓉,"[""法拉蛛"",""芙蓉"",""傑弗里寶寶""]"
red_lady_camp_easy,red_lady,hunter,easy,camp,該角色的陣營是？,監管者,"[""求生者"",""監管者""]"
red_lady_birthday_or_anniversary_easy,red_lady,hunter,easy,birthday_or_anniversary,該角色的生日／紀念日是？,11月2日,"[""11月2日"",""4月2日"",""1月13日""]"
red_lady_gender_easy,red_lady,hunter,easy,gender,該角色的性別是？,女,"[""女"",""男""]"
red_lady_likes_easy,red_lady,hunter,easy,likes,該角色喜歡？,美麗的,"[""美麗的、充滿藝術感的人或物"",""美麗的"",""娜塔莉""]"
red_lady_dislikes_easy,red_lady,hunter,easy,dislikes,該角色討厭？,粗魯的,"[""黑暗的環境、鳥類的叫聲"",""鏡子、別人的視線"",""粗魯的""]"
red_lady_representative_s_tier_costume_easy,red_lady,hunter,easy,representative_s_tier_costume,該角色擁有哪些時裝？,血宴,"[""路克"",""墨菲斯的門廊"",""血宴""]"
red_lady_representative_a_tier_costume_easy,red_lady,hunter,easy,representative_a_tier_costume,該角色擁有哪些時裝？,夜潮、貝拉夫人,"[""垂淚的神女、瑤彩"",""夜潮、貝拉夫人"",""箜篌、索菲亞""]"
red_lady_abyss_s_or_a_costume_easy,red_lady,hunter,easy,abyss_s_or_a_costume,該角色擁有哪些時裝？,應許之日、斯嘉麗、最後一舞,"[""年歲、滾滾夥伴、桃樂絲"",""應許之日、斯嘉麗、最後一舞"",""點亮星星的女孩、不願醒來的女孩、海女巫""]"
red_lady_cn_release_date_hard,red_lady,hunter,hard,cn_release_date,該角色的上線日期為？,2019-08-27,"[""2025-10-11"",""2019-03-21"",""2019-08-27""]"
red_lady_cn_voice_actor_hard,red_lady,hunter,hard,cn_voice_actor,該角色的中文配音演員為？,陳婷婷,"[""劉垚"",""陳婷婷"",""翟巍""]"
guard_26_manor_name_easy,guard_26,hunter,easy,manor_name,該角色在莊園的名字是？,邦邦,"[""艾格·瓦爾登"",""邦邦"",""弗雷德里克·克雷伯格""]"
guard_26_real_name_easy,guard_26,hunter,easy,real_name,該角色的本名是？,邦邦,"[""美智子"",""阿爾瓦·洛倫茲"",""邦邦""]"
guard_26_alias_easy,guard_26,hunter,easy,alias,玩家可能怎麼稱呼該角色？,開塞露,"[""憨蛋"",""開塞露"",""最偉大的魔術師""]"
guard_26_camp_easy,guard_26,hunter,easy,camp,該角色的陣營是？,監管者,"[""求生者"",""監管者""]"
guard_26_birthday_or_anniversary_easy,guard_26,hunter,easy,birthday_or_anniversary,該角色的生日／紀念日是？,8月8日,"[""5月2日"",""4月2日"",""8月8日""]"
guard_26_likes_easy,guard_26,hunter,easy,likes,該角色喜歡？,機油、蝴蝶結,"[""玩偶、帳篷"",""酒、音樂、錢"",""機油、蝴蝶結""]"
guard_26_dislikes_easy,guard_26,hunter,easy,dislikes,該角色討厭？,水,"[""庸碌的人、珍珠、秘密被他人知曉"",""水"",""黑暗的環境、鳥類的叫聲""]"
guard_26_representative_s_tier_costume_easy,guard_26,hunter,easy,representative_s_tier_costume,該角色擁有哪些時裝？,三月兔,"[""招風旗"",""Checkmate"",""三月兔""]"
guard_26_representative_a_tier_costume_easy,guard_26,hunter,easy,representative_a_tier_costume,該角色擁有哪些時裝？,黑白熊、困獸之鬥,"[""黑白熊、困獸之鬥"",""陌路仙蹤、夜之商籟"",""芙莉蓮""]"
guard_26_abyss_s_or_a_costume_easy,guard_26,hunter,easy,abyss_s_or_a_costume,該角色擁有哪些時裝？,蛋殼先生、蜀中客、秘密大廚,"[""灰燼狂想、祖祖、緘默者"",""多色印刷、達芬奇、掌中篆記"",""蛋殼先生、蜀中客、秘密大廚""]"
guard_26_cn_release_date_hard,guard_26,hunter,hard,cn_release_date,該角色的上線日期為？,2019-10-17,"[""2024-08-22"",""2019-10-17"",""2018-08-09""]"
apostle_manor_name_easy,apostle,hunter,easy,manor_name,該角色在莊園的名字是？,安,"[""安"",""特蕾西·列茲尼克"",""瓦倫蒂娜·雅加·瓦西裡耶娃""]"
apostle_real_name_easy,apostle,hunter,easy,real_name,該角色的本名是？,琼·安,"[""琼·安"",""海倫娜·亞當斯"",""奈布·薩貝達""]"
apostle_former_name_easy,apostle,hunter,easy,former_name,該角色的曾用名是？,琼·安,"[""柯根·尼古拉斯·基奧"",""盧卡斯·巴爾薩克"",""琼·安""]"
apostle_alias_easy,apostle,hunter,easy,alias,玩家可能怎麼稱呼該角色？,貓貓人,"[""最偉大的魔術師"",""貓貓人"",""蝶后""]"
apostle_camp_easy,apostle,hunter,easy,camp,該角色的陣營是？,監管者,"[""監管者"",""求生者""]"
apostle_birthday_or_anniversary_easy,apostle,hunter,easy,birthday_or_anniversary,該角色的生日／紀念日是？,8月11日,"[""8月11日"",""11月27日"",""1月2日""]"
apostle_gender_easy,apostle,hunter,easy,gender,該角色的性別是？,女,"[""男"",""女""]"
apostle_likes_easy,apostle,hunter,easy,likes,該角色喜歡？,貓、書籍,"[""貓、書籍"",""藥草、書"",""杜松、斧頭""]"
apostle_dislikes_easy,apostle,hunter,easy,dislikes,該角色討厭？,火光,"[""城市、喧囂的地方"",""火光"",""世俗的規矩、循規蹈矩的人""]"
apostle_representative_s_tier_costume_easy,apostle,hunter,easy,representative_s_tier_costume,該角色擁有哪些時裝？,烏撒來客,"[""川上富江"",""烏撒來客"",""福爾摩斯""]"
apostle_representative_a_tier_costume_easy,apostle,hunter,easy,representative_a_tier_costume,該角色擁有哪些時裝？,浮水蔓生、白松露,"[""浮水蔓生、白松露"",""翦燭、忘川渡人"",""白澤、紙新娘·陶夢嫣""]"
apostle_abyss_s_or_a_costume_easy,apostle,hunter,easy,abyss_s_or_a_costume,該角色擁有哪些時裝？,多加雷薩、花間晚禱、校監夫人,"[""隱於夜色中"",""多加雷薩、花間晚禱、校監夫人"",""樹形背景板、搗蛋裘克、稻草人""]"
apostle_cn_release_date_hard,apostle,hunter,hard,cn_release_date,該角色的上線日期為？,2020-01-18,"[""2024-10-17"",""2020-01-18"",""2018-04-05""]"
apostle_cn_voice_actor_hard,apostle,hunter,hard,cn_voice_actor,該角色的中文配音演員為？,穆雪婷,"[""杜晴晴"",""秦文靜"",""穆雪婷""]"
apostle_experiment_code_hard,apostle,hunter,hard,experiment_code,該角色的實驗代號為？,11-0-3,"[""6-1-1"",""11-0-3"",""5-0-2""]"
violinist_manor_name_easy,violinist,hunter,easy,manor_name,該角色在莊園的名字是？,安東尼奧,"[""“艾維”"",""安東尼奧"",""威爾三兄弟""]"
violinist_real_name_easy,violinist,hunter,easy,real_name,該角色的本名是？,安東尼奧,"[""裘克"",""凱文·阿尤索"",""安東尼奧""]"
violinist_alias_easy,violinist,hunter,easy,alias,玩家可能怎麼稱呼該角色？,安東鳥,"[""火火"",""菠蘿餡"",""安東鳥""]"
violinist_camp_easy,violinist,hunter,easy,camp,該角色的陣營是？,監管者,"[""求生者"",""監管者""]"
violinist_birthday_or_anniversary_easy,violinist,hunter,easy,birthday_or_anniversary,該角色的生日／紀念日是？,10月27日,"[""10月27日"",""1月21日"",""4月2日""]"
violinist_gender_easy,violinist,hunter,easy,gender,該角色的性別是？,男,"[""男"",""女""]"
violinist_likes_easy,violinist,hunter,easy,likes,該角色喜歡？,紅酒、銷金窟,"[""玩耍、玩具、花草、板球"",""松露蛋糕、希臘神話"",""紅酒、銷金窟""]"
violinist_dislikes_easy,violinist,hunter,easy,dislikes,該角色討厭？,世俗的規矩、循規蹈矩的人,"[""草藥"",""世俗的規矩、循規蹈矩的人"",""虐待動物的人、獵奇表演""]"
violinist_representative_s_tier_costume_easy,violinist,hunter,easy,representative_s_tier_costume,該角色擁有哪些時裝？,孤月騎士,"[""孤月騎士"",""舞獅"",""克羅托""]"
violinist_representative_a_tier_costume_easy,violinist,hunter,easy,representative_a_tier_costume,該角色擁有哪些時裝？,民謠樂手、煉獄奏曲,"[""民謠樂手、煉獄奏曲"",""締造者"",""紅衣人、至萬千無言者""]"
violinist_abyss_s_or_a_costume_easy,violinist,hunter,easy,abyss_s_or_a_costume,該角色擁有哪些時裝？,不羈的浪漫、魔音迴響、銜尾蛇,"[""灰燼狂想、祖祖、緘默者"",""不羈的浪漫、魔音迴響、銜尾蛇"",""夢境中的愛麗絲、恐懼的舊影、伊布""]"
violinist_cn_release_date_hard,violinist,hunter,hard,cn_release_date,該角色的上線日期為？,2020-05-08,"[""2019-12-08"",""2020-05-08"",""2020-01-18""]"
violinist_cn_voice_actor_hard,violinist,hunter,hard,cn_voice_actor,該角色的中文配音演員為？,馬洋,"[""馬洋"",""徐慧"",""孟祥龍""]"
violinist_experiment_code_hard,violinist,hunter,hard,experiment_code,該角色的實驗代號為？,3-1-3,"[""5-0-3"",""3-1-3"",""9-?-3""]"
sculptor_manor_name_easy,sculptor,hunter,easy,manor_name,該角色在莊園的名字是？,伽拉泰亞,"[""瑪格麗莎·澤萊"",""伽拉泰亞"",""美智子""]"
sculptor_real_name_easy,sculptor,hunter,easy,real_name,該角色的本名是？,伽拉泰亞·克勞德,"[""甘吉·古普塔"",""伽拉泰亞·克勞德"",""海倫娜·亞當斯""]"
sculptor_former_name_easy,sculptor,hunter,easy,former_name,該角色的曾用名是？,伽拉泰亞·克勞德,"[""瑪麗·安托瓦內特"",""羅比·懷特"",""伽拉泰亞·克勞德""]"
sculptor_alias_easy,sculptor,hunter,easy,alias,玩家可能怎麼稱呼該角色？,潘麗娟,"[""麥麥頭"",""小特"",""潘麗娟""]"
sculptor_camp_easy,sculptor,hunter,easy,camp,該角色的陣營是？,監管者,"[""監管者"",""求生者""]"
sculptor_birthday_or_anniversary_easy,sculptor,hunter,easy,birthday_or_anniversary,該角色的生日／紀念日是？,11月17日,"[""11月17日"",""10月21日"",""3月19日""]"
sculptor_gender_easy,sculptor,hunter,easy,gender,該角色的性別是？,女,"[""女"",""男""]"
sculptor_likes_easy,sculptor,hunter,easy,likes,該角色喜歡？,美麗成熟的女性,"[""貴重金屬、天然寶石"",""能面、頭紗、和服"",""美麗成熟的女性""]"
sculptor_dislikes_easy,sculptor,hunter,easy,dislikes,該角色討厭？,嘈雜的地方、循規蹈矩,"[""嘈雜的地方、循規蹈矩"",""軍隊、政府官員"",""輿論場、高風險、公關工作""]"
sculptor_representative_s_tier_costume_easy,sculptor,hunter,easy,representative_s_tier_costume,該角色擁有哪些時裝？,Checkmate,"[""Checkmate"",""幽靈帆"",""欺惑之燕""]"
sculptor_representative_a_tier_costume_easy,sculptor,hunter,easy,representative_a_tier_costume,該角色擁有哪些時裝？,"""夜魔""、籠中偶","[""海德先生、潰夜獵者、聖潔"",""馴獸師、鍾閣杼思"",""\""夜魔\""、籠中偶""]"
sculptor_abyss_s_or_a_costume_easy,sculptor,hunter,easy,abyss_s_or_a_costume,該角色擁有哪些時裝？,克拉拉、善忘的海馬體、天狼星,"[""多色印刷、達芬奇、掌中篆記"",""克拉拉、善忘的海馬體、天狼星"",""\""無用功\""G、反骨之縛、鎢""]"
sculptor_cn_release_date_hard,sculptor,hunter,hard,cn_release_date,該角色的上線日期為？,2020-08-06,"[""2020-08-06"",""2018-04-05"",""2021-06-17""]"
sculptor_cn_voice_actor_hard,sculptor,hunter,hard,cn_voice_actor,該角色的中文配音演員為？,賀若帆,"[""盧曉彤"",""賀若帆"",""翟巍""]"
doctor_hunter_manor_name_easy,doctor_hunter,hunter,easy,manor_name,該角色在莊園的名字是？,珀西,"[""哈斯塔"",""伯倫希爾·維魯弗"",""珀西""]"
doctor_hunter_real_name_easy,doctor_hunter,hunter,easy,real_name,該角色的本名是？,珀西,"[""克利切·皮爾森"",""珀西"",""庫特·弗蘭克""]"
doctor_hunter_alias_easy,doctor_hunter,hunter,easy,alias,玩家可能怎麼稱呼該角色？,牢博,"[""牢博"",""員神"",""小教教""]"
doctor_hunter_camp_easy,doctor_hunter,hunter,easy,camp,該角色的陣營是？,監管者,"[""求生者"",""監管者""]"
doctor_hunter_birthday_or_anniversary_easy,doctor_hunter,hunter,easy,birthday_or_anniversary,該角色的生日／紀念日是？,5月18日,"[""10月2日"",""5月21日"",""5月18日""]"
doctor_hunter_gender_easy,doctor_hunter,hunter,easy,gender,該角色的性別是？,男,"[""女"",""男""]"
doctor_hunter_likes_easy,doctor_hunter,hunter,easy,likes,該角色喜歡？,化學實驗、人體實驗,"[""金絲雀"",""夏季"",""化學實驗、人體實驗""]"
doctor_hunter_representative_s_tier_costume_easy,doctor_hunter,hunter,easy,representative_s_tier_costume,該角色擁有哪些時裝？,征服,"[""KING-h1"",""征服"",""引魂人""]"
doctor_hunter_representative_a_tier_costume_easy,doctor_hunter,hunter,easy,representative_a_tier_costume,該角色擁有哪些時裝？,查吉、狂歡時刻、裁紙機,"[""查吉、狂歡時刻、裁紙機"",""幕外之音、拂曉女士、電光之音"",""悲愴簧管""]"
doctor_hunter_cn_release_date_hard,doctor_hunter,hunter,hard,cn_release_date,該角色的上線日期為？,2020-11-26,"[""2023-06-21"",""2020-11-26"",""2024-04-30""]"
doctor_hunter_cn_voice_actor_hard,doctor_hunter,hunter,hard,cn_voice_actor,該角色的中文配音演員為？,許棕哲,"[""黃鶯"",""許棕哲"",""蘇鑫""]"
broken_wheel_manor_name_easy,broken_wheel,hunter,easy,manor_name,該角色在莊園的名字是？,威爾三兄弟,"[""威爾三兄弟"",""戚十一"",""穆羅""]"
broken_wheel_real_name_easy,broken_wheel,hunter,easy,real_name,該角色的本名是？,威爾·羅比/威爾·馬克/威爾·史帝夫,"[""維克多·葛蘭茲"",""奈布·薩貝達"",""威爾·羅比/威爾·馬克/威爾·史帝夫""]"
broken_wheel_former_name_easy,broken_wheel,hunter,easy,former_name,該角色的曾用名是？,威爾·羅比/威爾·馬克/威爾·史帝夫,"[""梅莉·恩德洛武"",""威爾·羅比/威爾·馬克/威爾·史帝夫"",""琼·安""]"
broken_wheel_nickname_easy,broken_wheel,hunter,easy,nickname,該角色的小名是？,"""戲謔""、""悲觀""、""寡言""","[""奧菲"",""小洛倫茲"",""\""戲謔\""、\""悲觀\""、\""寡言\""""]"
broken_wheel_alias_easy,broken_wheel,hunter,easy,alias,玩家可能怎麼稱呼該角色？,輪輪,"[""輪輪"",""法拉蛛"",""大表哥""]"
broken_wheel_camp_easy,broken_wheel,hunter,easy,camp,該角色的陣營是？,監管者,"[""監管者"",""求生者""]"
broken_wheel_birthday_or_anniversary_easy,broken_wheel,hunter,easy,birthday_or_anniversary,該角色的生日／紀念日是？,11月25日,"[""12月27日"",""8月7日"",""11月25日""]"
broken_wheel_gender_easy,broken_wheel,hunter,easy,gender,該角色的性別是？,男,"[""男"",""女""]"
broken_wheel_likes_easy,broken_wheel,hunter,easy,likes,該角色喜歡？,充滿戲劇性的故事，有名的演出舞臺,"[""有霧的夜晚"",""玩偶、帳篷"",""充滿戲劇性的故事，有名的演出舞臺""]"
broken_wheel_dislikes_easy,broken_wheel,hunter,easy,dislikes,該角色討厭？,被溺愛的孩子，情感不和的兄弟姐妹,"[""欺騙、教條主義"",""粗魯的"",""被溺愛的孩子，情感不和的兄弟姐妹""]"
broken_wheel_representative_s_tier_costume_easy,broken_wheel,hunter,easy,representative_s_tier_costume,該角色擁有哪些時裝？,三面神,"[""亡靈之主"",""三面神"",""岩鴿""]"
broken_wheel_representative_a_tier_costume_easy,broken_wheel,hunter,easy,representative_a_tier_costume,該角色擁有哪些時裝？,織夢兔,"[""織夢兔"",""海神之冕"",""白澤、紙新娘·陶夢嫣""]"
broken_wheel_abyss_s_or_a_costume_easy,broken_wheel,hunter,easy,abyss_s_or_a_costume,該角色擁有哪些時裝？,胡桃夾子、破陣子、球球,"[""糖果少女、咫尺天涯、\""鎖芯\"""",""胡桃夾子、破陣子、球球"",""羅密歐、湖中影、瑪吉努""]"
broken_wheel_cn_release_date_hard,broken_wheel,hunter,hard,cn_release_date,該角色的上線日期為？,2021-03-18,"[""2019-03-21"",""2021-03-18"",""2022-08-04""]"
broken_wheel_cn_voice_actor_hard,broken_wheel,hunter,hard,cn_voice_actor,該角色的中文配音演員為？,劉垚,"[""劉垚"",""張安琪"",""張文鈺""]"
broken_wheel_experiment_code_hard,broken_wheel,hunter,hard,experiment_code,該角色的實驗代號為？,3-?-2,"[""0-0-3/0-1-3"",""3-?-2"",""10-0-2/11-1-1""]"
fishwoman_manor_name_easy,fishwoman,hunter,easy,manor_name,該角色在莊園的名字是？,格蕾絲,"[""溫迪·福特"",""何塞·巴登"",""格蕾絲""]"
fishwoman_real_name_easy,fishwoman,hunter,easy,real_name,該角色的本名是？,格蕾絲·伍德,"[""格蕾絲·伍德"",""馬庫斯·索恩"",""弗雷德里克·克雷伯格""]"
fishwoman_former_name_easy,fishwoman,hunter,easy,former_name,該角色的曾用名是？,格蕾絲·伍德,"[""柯根·尼古拉斯·基奧"",""格蕾絲·伍德"",""克洛伊·奈爾""]"
fishwoman_alias_easy,fishwoman,hunter,easy,alias,玩家可能怎麼稱呼該角色？,漁漁,"[""漁漁"",""軍火商"",""蝶后""]"
fishwoman_camp_easy,fishwoman,hunter,easy,camp,該角色的陣營是？,監管者,"[""求生者"",""監管者""]"
fishwoman_birthday_or_anniversary_easy,fishwoman,hunter,easy,birthday_or_anniversary,該角色的生日／紀念日是？,4月2日,"[""12月22日"",""4月2日"",""9月13日""]"
fishwoman_gender_easy,fishwoman,hunter,easy,gender,該角色的性別是？,女,"[""女"",""男""]"
fishwoman_likes_easy,fishwoman,hunter,easy,likes,該角色喜歡？,水,"[""金錢、溫順的人"",""水"",""紅酒、銷金窟""]"
fishwoman_dislikes_easy,fishwoman,hunter,easy,dislikes,該角色討厭？,與人交往,"[""漆黑封閉的環境"",""粗暴的人"",""與人交往""]"
fishwoman_representative_s_tier_costume_easy,fishwoman,hunter,easy,representative_s_tier_costume,該角色擁有哪些時裝？,靜默之戟,"[""克羅托"",""靜默之戟"",""歐律狄刻""]"
fishwoman_representative_a_tier_costume_easy,fishwoman,hunter,easy,representative_a_tier_costume,該角色擁有哪些時裝？,垂淚的神女、瑤彩,"[""垂淚的神女、瑤彩"",""群首、㏿滑種子"",""翦燭、忘川渡人""]"
fishwoman_abyss_s_or_a_costume_easy,fishwoman,hunter,easy,abyss_s_or_a_costume,該角色擁有哪些時裝？,百萬人魚、鬼臉天蛾、迷迭香,"[""哈姆雷特、\""盲區\""、\""加特\"""",""百萬人魚、鬼臉天蛾、迷迭香"",""白孔雀、更紗、羅生門""]"
fishwoman_cn_release_date_hard,fishwoman,hunter,hard,cn_release_date,該角色的上線日期為？,2021-06-17,"[""2021-06-17"",""2021-11-18"",""2018-09-27""]"
fishwoman_cn_voice_actor_hard,fishwoman,hunter,hard,cn_voice_actor,該角色的中文配音演員為？,張安琪,"[""張安琪"",""孟祥龍"",""金娜""]"
wax_sculptor_manor_name_easy,wax_sculptor,hunter,easy,manor_name,該角色在莊園的名字是？,菲利普,"[""約瑟夫"",""弗雷迪·萊利"",""菲利普""]"
wax_sculptor_real_name_easy,wax_sculptor,hunter,easy,real_name,該角色的本名是？,菲利普,"[""菲利普"",""特蕾西·列茲尼克"",""班恩·佩雷茲""]"
wax_sculptor_alias_easy,wax_sculptor,hunter,easy,alias,玩家可能怎麼稱呼該角色？,蠟蠟,"[""老頭"",""蠟蠟"",""大米""]"
wax_sculptor_camp_easy,wax_sculptor,hunter,easy,camp,該角色的陣營是？,監管者,"[""求生者"",""監管者""]"
wax_sculptor_birthday_or_anniversary_easy,wax_sculptor,hunter,easy,birthday_or_anniversary,該角色的生日／紀念日是？,4月16日,"[""4月16日"",""3月11日"",""4月23日""]"
wax_sculptor_gender_easy,wax_sculptor,hunter,easy,gender,該角色的性別是？,男,"[""女"",""男""]"
wax_sculptor_likes_easy,wax_sculptor,hunter,easy,likes,該角色喜歡？,家人,"[""家人"",""夏季"",""飛禽""]"
wax_sculptor_dislikes_easy,wax_sculptor,hunter,easy,dislikes,該角色討厭？,潮濕、陰暗,"[""槍、獸夾陷阱"",""潮濕、陰暗"",""寒冷""]"
wax_sculptor_representative_s_tier_costume_easy,wax_sculptor,hunter,easy,representative_s_tier_costume,該角色擁有哪些時裝？,怒火,"[""雨燕先生"",""怒火"",""紅騎士""]"
wax_sculptor_representative_a_tier_costume_easy,wax_sculptor,hunter,easy,representative_a_tier_costume,該角色擁有哪些時裝？,星相師,"[""星相師"",""幕外之音、拂曉女士、電光之音"",""陌路仙蹤、夜之商籟""]"
wax_sculptor_abyss_s_or_a_costume_easy,wax_sculptor,hunter,easy,abyss_s_or_a_costume,該角色擁有哪些時裝？,收藏品、淋浴、粉焰舞曲,"[""淘金客、解離、輝銻礦"",""小明星、BISHOP-f1、OPH. LILY"",""收藏品、淋浴、粉焰舞曲""]"
wax_sculptor_cn_release_date_hard,wax_sculptor,hunter,hard,cn_release_date,該角色的上線日期為？,2021-10-14,"[""2022-04-28"",""2021-10-14"",""2018-05-17""]"
wax_sculptor_cn_voice_actor_hard,wax_sculptor,hunter,hard,cn_voice_actor,該角色的中文配音演員為？,陳昊天,"[""劉雨軒"",""王宇航"",""陳昊天""]"
wax_sculptor_experiment_code_hard,wax_sculptor,hunter,hard,experiment_code,該角色的實驗代號為？,2-0-3,"[""2-0-3"",""8-0-1"",""5-?-4""]"
dream_hunter_manor_name_easy,dream_hunter,hunter,easy,manor_name,該角色在莊園的名字是？,“奧爾菲斯”,"[""伊索·卡爾"",""“奧爾菲斯”"",""謝必安/范無咎""]"
dream_hunter_former_name_easy,dream_hunter,hunter,easy,former_name,該角色的曾用名是？,羅伊·卡斐,"[""里奧·貝克"",""羅伊·卡斐"",""莉迪亞·瓊斯""]"
dream_hunter_nickname_easy,dream_hunter,hunter,easy,nickname,該角色的小名是？,奧菲,"[""奧菲"",""米沙"",""瓦利婭""]"
dream_hunter_alias_easy,dream_hunter,hunter,easy,alias,玩家可能怎麼稱呼該角色？,烏雞哥,"[""舞舞"",""烏雞哥"",""牢博""]"
dream_hunter_camp_easy,dream_hunter,hunter,easy,camp,該角色的陣營是？,監管者,"[""求生者"",""監管者""]"
dream_hunter_birthday_or_anniversary_easy,dream_hunter,hunter,easy,birthday_or_anniversary,該角色的生日／紀念日是？,4月2日,"[""10月10日"",""4月2日"",""7月30日""]"
dream_hunter_gender_easy,dream_hunter,hunter,easy,gender,該角色的性別是？,男,"[""女"",""男""]"
dream_hunter_likes_easy,dream_hunter,hunter,easy,likes,該角色喜歡？,黑暗的環境,"[""瑪莎、金錢"",""黑暗的環境"",""紅酒、銷金窟""]"
dream_hunter_dislikes_easy,dream_hunter,hunter,easy,dislikes,該角色討厭？,鳥類的叫聲,"[""一切香氛氣息"",""破壞建築物和擅自使用設施的人"",""鳥類的叫聲""]"
dream_hunter_representative_s_tier_costume_easy,dream_hunter,hunter,easy,representative_s_tier_costume,該角色擁有哪些時裝？,"""淵""","[""司藥"",""孤月騎士"",""\""淵\""""]"
dream_hunter_representative_a_tier_costume_easy,dream_hunter,hunter,easy,representative_a_tier_costume,該角色擁有哪些時裝？,海德先生、潰夜獵者、聖潔,"[""神眷、東風遙"",""日落黃沙"",""海德先生、潰夜獵者、聖潔""]"
dream_hunter_cn_release_date_hard,dream_hunter,hunter,hard,cn_release_date,該角色的上線日期為？,2021-11-18,"[""2025-03-13"",""2026-06-03"",""2021-11-18""]"
dream_hunter_cn_voice_actor_hard,dream_hunter,hunter,hard,cn_voice_actor,該角色的中文配音演員為？,劉北辰,"[""李春胤"",""劉垚"",""劉北辰""]"
recorder_manor_name_easy,recorder,hunter,easy,manor_name,該角色在莊園的名字是？,柯根,"[""柯根"",""伊萊·克拉克"",""伊芙琳·莫雷""]"
recorder_real_name_easy,recorder,hunter,easy,real_name,該角色的本名是？,柯根·尼古拉斯·基奧,"[""克萊奧·德克魯"",""柯根·尼古拉斯·基奧"",""安德魯·克雷斯""]"
recorder_former_name_easy,recorder,hunter,easy,former_name,該角色的曾用名是？,柯根·尼古拉斯·基奧,"[""柯根·尼古拉斯·基奧"",""羅比·懷特"",""伽拉泰亞·克勞德""]"
recorder_alias_easy,recorder,hunter,easy,alias,玩家可能怎麼稱呼該角色？,泡芙老師,"[""安東鳥"",""77"",""泡芙老師""]"
recorder_camp_easy,recorder,hunter,easy,camp,該角色的陣營是？,監管者,"[""監管者"",""求生者""]"
recorder_birthday_or_anniversary_easy,recorder,hunter,easy,birthday_or_anniversary,該角色的生日／紀念日是？,1月21日,"[""1月21日"",""10月21日"",""3月19日""]"
recorder_gender_easy,recorder,hunter,easy,gender,該角色的性別是？,女,"[""女"",""男""]"
recorder_likes_easy,recorder,hunter,easy,likes,該角色喜歡？,看書、文字記錄、研究法律,"[""看書、文字記錄、研究法律"",""獅子、舞台燈"",""瑪莎、金錢""]"
recorder_dislikes_easy,recorder,hunter,easy,dislikes,該角色討厭？,不公正的法律裁決、不平等的對待,"[""軍隊、政府官員"",""骯髒破敗的物品、醫療材料的消毒液味道"",""不公正的法律裁決、不平等的對待""]"
recorder_representative_s_tier_costume_easy,recorder,hunter,easy,representative_s_tier_costume,該角色擁有哪些時裝？,克拉肯,"[""Checkmate"",""克拉肯"",""克羅托""]"
recorder_representative_a_tier_costume_easy,recorder,hunter,easy,representative_a_tier_costume,該角色擁有哪些時裝？,締造者,"[""締造者"",""幽夜終章"",""箜篌、索菲亞""]"
recorder_abyss_s_or_a_costume_easy,recorder,hunter,easy,abyss_s_or_a_costume,該角色擁有哪些時裝？,刪除符、執政官,"[""沉眠的兔先生、\""黑鼻子\""、蠻牛之力"",""點亮星星的女孩、不願醒來的女孩、海女巫"",""刪除符、執政官""]"
recorder_cn_release_date_hard,recorder,hunter,hard,cn_release_date,該角色的上線日期為？,2022-04-06,"[""2018-04-05"",""2022-04-06"",""2021-08-05""]"
recorder_cn_voice_actor_hard,recorder,hunter,hard,cn_voice_actor,該角色的中文配音演員為？,孫暢,"[""孫暢"",""蘇婉"",""蘇鑫""]"
recorder_experiment_code_hard,recorder,hunter,hard,experiment_code,該角色的實驗代號為？,2-1-1,"[""8-0-1"",""2-1-1"",""6-1-4""]"
hermit_manor_name_easy,hermit,hunter,easy,manor_name,該角色在莊園的名字是？,阿爾瓦·洛倫茲,"[""馬蒂亞斯·切爾寧"",""阿爾瓦·洛倫茲"",""伊塔庫亞""]"
hermit_real_name_easy,hermit,hunter,easy,real_name,該角色的本名是？,阿爾瓦·洛倫茲,"[""阿爾瓦·洛倫茲"",""伊索·卡爾"",""埃弗隆·懷茲""]"
hermit_alias_easy,hermit,hunter,easy,alias,玩家可能怎麼稱呼該角色？,電擊老頭,"[""電擊老頭"",""小黑小白"",""漁漁""]"
hermit_camp_easy,hermit,hunter,easy,camp,該角色的陣營是？,監管者,"[""監管者"",""求生者""]"
hermit_birthday_or_anniversary_easy,hermit,hunter,easy,birthday_or_anniversary,該角色的生日／紀念日是？,4月20日,"[""5月21日"",""2月14日"",""4月20日""]"
hermit_gender_easy,hermit,hunter,easy,gender,該角色的性別是？,男,"[""男"",""女""]"
hermit_likes_easy,hermit,hunter,easy,likes,該角色喜歡？,發明、學術期刊,"[""發明、學術期刊"",""松露蛋糕、希臘神話"",""結構精密的機械、啤酒、工程學書籍""]"
hermit_dislikes_easy,hermit,hunter,easy,dislikes,該角色討厭？,輿論場、高風險、公關工作,"[""水"",""狩獵者、看書"",""輿論場、高風險、公關工作""]"
hermit_representative_s_tier_costume_easy,hermit,hunter,easy,representative_s_tier_costume,該角色擁有哪些時裝？,典獄長,"[""半精靈騎士"",""典獄長"",""幽靈帆""]"
hermit_representative_a_tier_costume_easy,hermit,hunter,easy,representative_a_tier_costume,該角色擁有哪些時裝？,薄金、首席顧問,"[""薄金、首席顧問"",""點金"",""聽海閑情、瑪利亞公理""]"
hermit_abyss_s_or_a_costume_easy,hermit,hunter,easy,abyss_s_or_a_costume,該角色擁有哪些時裝？,鄉村牧師、升學禮、游隼,"[""鄉村牧師、升學禮、游隼"",""刻律涅之傷、聖誕狂鹿、阿努比斯"",""聖誕沙龍、竊夢行者、猙""]"
hermit_cn_release_date_hard,hermit,hunter,hard,cn_release_date,該角色的上線日期為？,2022-08-25,"[""2020-05-08"",""2022-04-06"",""2022-08-25""]"
hermit_cn_voice_actor_hard,hermit,hunter,hard,cn_voice_actor,該角色的中文配音演員為？,董勝章,"[""董勝章"",""徐翔"",""翟巍""]"
hermit_experiment_code_hard,hermit,hunter,hard,experiment_code,該角色的實驗代號為？,11-0-2,"[""9-?-3"",""11-0-2"",""4-0-2""]"
night_watcher_manor_name_easy,night_watcher,hunter,easy,manor_name,該角色在莊園的名字是？,伊塔庫亞,"[""伊塔庫亞"",""維克多·葛蘭茲"",""珀西""]"
night_watcher_real_name_easy,night_watcher,hunter,easy,real_name,該角色的本名是？,伊塔·維魯弗,"[""伊塔·維魯弗"",""艾格·瓦爾登"",""瑪麗·安托瓦內特""]"
night_watcher_former_name_easy,night_watcher,hunter,easy,former_name,該角色的曾用名是？,伊塔·維魯弗,"[""瑪麗·安托瓦內特"",""羅伊·卡斐"",""伊塔·維魯弗""]"
night_watcher_alias_easy,night_watcher,hunter,easy,alias,玩家可能怎麼稱呼該角色？,伊塔,"[""泡芙老師"",""戚姐"",""伊塔""]"
night_watcher_camp_easy,night_watcher,hunter,easy,camp,該角色的陣營是？,監管者,"[""監管者"",""求生者""]"
night_watcher_birthday_or_anniversary_easy,night_watcher,hunter,easy,birthday_or_anniversary,該角色的生日／紀念日是？,12月7日,"[""7月23日"",""12月7日"",""10月4日""]"
night_watcher_gender_easy,night_watcher,hunter,easy,gender,該角色的性別是？,男,"[""女"",""男""]"
night_watcher_likes_easy,night_watcher,hunter,easy,likes,該角色喜歡？,小鳥、月亮、母親、聽書,"[""運動會"",""小鳥、月亮、母親、聽書"",""杜松、斧頭""]"
night_watcher_dislikes_easy,night_watcher,hunter,easy,dislikes,該角色討厭？,狩獵者、看書,"[""黑暗的環境、鳥類的叫聲"",""狩獵者、看書"",""運動系的人、軟弱的人""]"
night_watcher_representative_s_tier_costume_easy,night_watcher,hunter,easy,representative_s_tier_costume,該角色擁有哪些時裝？,哲人石,"[""哲人石"",""KING-h1"",""珍奇櫃""]"
night_watcher_representative_a_tier_costume_easy,night_watcher,hunter,easy,representative_a_tier_costume,該角色擁有哪些時裝？,蝕日者、此刻萬籟俱寂,"[""黑鷲"",""蝕日者、此刻萬籟俱寂"",""海鹽特調、裁決之酒""]"
night_watcher_abyss_s_or_a_costume_easy,night_watcher,hunter,easy,abyss_s_or_a_costume,該角色擁有哪些時裝？,KNIGHT-c3、四不像、隱形人,"[""紅菱豔、猩紅新娘、致命溫柔"",""夢境中的愛麗絲、恐懼的舊影、伊布"",""KNIGHT-c3、四不像、隱形人""]"
night_watcher_cn_release_date_hard,night_watcher,hunter,hard,cn_release_date,該角色的上線日期為？,2023-03-02,"[""2019-10-17"",""2018-10-18"",""2023-03-02""]"
night_watcher_cn_voice_actor_hard,night_watcher,hunter,hard,cn_voice_actor,該角色的中文配音演員為？,安志,"[""劉北辰"",""安志"",""李棟婷""]"
opera_singer_manor_name_easy,opera_singer,hunter,easy,manor_name,該角色在莊園的名字是？,桑格莉婭,"[""伊萊·克拉克"",""桑格莉婭"",""芬森·亨特""]"
opera_singer_real_name_easy,opera_singer,hunter,easy,real_name,該角色的本名是？,桑格莉婭,"[""麥克·莫頓"",""馬蒂亞斯·切爾寧"",""桑格莉婭""]"
opera_singer_alias_easy,opera_singer,hunter,easy,alias,玩家可能怎麼稱呼該角色？,婭婭,"[""軍火商"",""約約"",""婭婭""]"
opera_singer_camp_easy,opera_singer,hunter,easy,camp,該角色的陣營是？,監管者,"[""求生者"",""監管者""]"
opera_singer_birthday_or_anniversary_easy,opera_singer,hunter,easy,birthday_or_anniversary,該角色的生日／紀念日是？,9月28日,"[""9月28日"",""8月4日"",""12月21日""]"
opera_singer_gender_easy,opera_singer,hunter,easy,gender,該角色的性別是？,女,"[""女"",""男""]"
opera_singer_likes_easy,opera_singer,hunter,easy,likes,該角色喜歡？,溫柔的人,"[""充滿戲劇性的故事，有名的演出舞臺"",""溫柔的人"",""獅子、舞台燈""]"
opera_singer_dislikes_easy,opera_singer,hunter,easy,dislikes,該角色討厭？,粗暴的人,"[""粗暴的人"",""郊狼"",""城市、喧囂的地方""]"
opera_singer_representative_s_tier_costume_easy,opera_singer,hunter,easy,representative_s_tier_costume,該角色擁有哪些時裝？,巴薩麗莎,"[""黃金蛋糕"",""不屈的信仰"",""巴薩麗莎""]"
opera_singer_representative_a_tier_costume_easy,opera_singer,hunter,easy,representative_a_tier_costume,該角色擁有哪些時裝？,幕外之音、拂曉女士、電光之音,"[""小紅帽、心鎖"",""幕外之音、拂曉女士、電光之音"",""夜潮、貝拉夫人""]"
opera_singer_cn_release_date_hard,opera_singer,hunter,hard,cn_release_date,該角色的上線日期為？,2023-06-21,"[""2019-02-28"",""2018-12-06"",""2023-06-21""]"
opera_singer_cn_voice_actor_hard,opera_singer,hunter,hard,cn_voice_actor,該角色的中文配音演員為？,謝瑩,"[""王宇航"",""謝瑩"",""馬洋""]"
opera_singer_experiment_code_hard,opera_singer,hunter,hard,experiment_code,該角色的實驗代號為？,3-1-4,"[""5-0-2"",""3-1-4"",""5-?-4""]"
fool_gold_manor_name_easy,fool_gold,hunter,easy,manor_name,該角色在莊園的名字是？,諾頓·坎貝爾,"[""庫特·弗蘭克"",""菲歐娜·吉爾曼"",""諾頓·坎貝爾""]"
fool_gold_real_name_easy,fool_gold,hunter,easy,real_name,該角色的本名是？,諾頓·坎貝爾,"[""芬森·亨特"",""諾頓·坎貝爾"",""里奧·貝克""]"
fool_gold_alias_easy,fool_gold,hunter,easy,alias,玩家可能怎麼稱呼該角色？,圓圓金,"[""牛爺爺"",""小兌兌"",""圓圓金""]"
fool_gold_camp_easy,fool_gold,hunter,easy,camp,該角色的陣營是？,監管者,"[""監管者"",""求生者""]"
fool_gold_birthday_or_anniversary_easy,fool_gold,hunter,easy,birthday_or_anniversary,該角色的生日／紀念日是？,3月19日,"[""8月8日"",""3月19日"",""1月3日""]"
fool_gold_gender_easy,fool_gold,hunter,easy,gender,該角色的性別是？,男,"[""女"",""男""]"
fool_gold_likes_easy,fool_gold,hunter,easy,likes,該角色喜歡？,貴重金屬、天然寶石,"[""貴重金屬、天然寶石"",""松露蛋糕、希臘神話"",""化學實驗、人體實驗""]"
fool_gold_dislikes_easy,fool_gold,hunter,easy,dislikes,該角色討厭？,漆黑封閉的環境,"[""粗魯的"",""漆黑封閉的環境"",""嘈雜的地方、循規蹈矩""]"
fool_gold_representative_s_tier_costume_easy,fool_gold,hunter,easy,representative_s_tier_costume,該角色擁有哪些時裝？,罪惡熔火,"[""\""華生小姐\"""",""舞獅"",""罪惡熔火""]"
fool_gold_representative_a_tier_costume_easy,fool_gold,hunter,easy,representative_a_tier_costume,該角色擁有哪些時裝？,隕星,"[""信使、瓦姬特"",""隕星"",""逃罪之人、星辰""]"
fool_gold_abyss_s_or_a_costume_easy,fool_gold,hunter,easy,abyss_s_or_a_costume,該角色擁有哪些時裝？,淘金客、解離、輝銻礦,"[""時之獵手、聚光燈下、窺伺之心"",""木蘭、填海平、黑鴉"",""淘金客、解離、輝銻礦""]"
fool_gold_cn_release_date_hard,fool_gold,hunter,hard,cn_release_date,該角色的上線日期為？,2023-11-02,"[""2018-06-14"",""2018-04-02"",""2023-11-02""]"
fool_gold_cn_voice_actor_hard,fool_gold,hunter,hard,cn_voice_actor,該角色的中文配音演員為？,劉雨軒,"[""張文鈺"",""劉雨軒"",""劉飛""]"
shadow_of_time_and_space_manor_name_easy,shadow_of_time_and_space,hunter,easy,manor_name,該角色在莊園的名字是？,“艾維”,"[""克利切·皮爾森"",""溫迪·福特"",""“艾維”""]"
shadow_of_time_and_space_real_name_easy,shadow_of_time_and_space,hunter,easy,real_name,該角色的本名是？,艾維·勞森,"[""艾維·勞森"",""哈斯塔"",""凱文·阿尤索""]"
shadow_of_time_and_space_former_name_easy,shadow_of_time_and_space,hunter,easy,former_name,該角色的曾用名是？,艾維·勞森,"[""艾維·勞森"",""伽拉泰亞·克勞德"",""瑪嘉蕾莎·哈麗""]"
shadow_of_time_and_space_alias_easy,shadow_of_time_and_space,hunter,easy,alias,玩家可能怎麼稱呼該角色？,iv,"[""iv"",""電擊小子"",""大表哥""]"
shadow_of_time_and_space_camp_easy,shadow_of_time_and_space,hunter,easy,camp,該角色的陣營是？,監管者,"[""求生者"",""監管者""]"
shadow_of_time_and_space_birthday_or_anniversary_easy,shadow_of_time_and_space,hunter,easy,birthday_or_anniversary,該角色的生日／紀念日是？,10月21日,"[""2月1日"",""3月19日"",""10月21日""]"
shadow_of_time_and_space_gender_easy,shadow_of_time_and_space,hunter,easy,gender,該角色的性別是？,女,"[""男"",""女""]"
shadow_of_time_and_space_likes_easy,shadow_of_time_and_space,hunter,easy,likes,該角色喜歡？,圖書館、家人、深秋,"[""圖書館、家人、深秋"",""看書、文字記錄、研究法律"",""獅子、舞台燈""]"
shadow_of_time_and_space_dislikes_easy,shadow_of_time_and_space,hunter,easy,dislikes,該角色討厭？,鏡子、畸形的浸制標本、公共發言,"[""鏡子、畸形的浸制標本、公共發言"",""虐待動物的人、獵奇表演"",""炸藥""]"
shadow_of_time_and_space_representative_s_tier_costume_easy,shadow_of_time_and_space,hunter,easy,representative_s_tier_costume,該角色擁有哪些時裝？,墨菲斯的門廊,"[""溯光"",""交響挽歌"",""墨菲斯的門廊""]"
shadow_of_time_and_space_representative_a_tier_costume_easy,shadow_of_time_and_space,hunter,easy,representative_a_tier_costume,該角色擁有哪些時裝？,"""有機磷""、共赴深處","[""織夢兔"",""\""有機磷\""、共赴深處"",""結晶體、耶夢加得""]"
shadow_of_time_and_space_cn_release_date_hard,shadow_of_time_and_space,hunter,hard,cn_release_date,該角色的上線日期為？,2024-03-21,"[""2019-01-24"",""2024-03-21"",""2023-08-31""]"
shadow_of_time_and_space_cn_voice_actor_hard,shadow_of_time_and_space,hunter,hard,cn_voice_actor,該角色的中文配音演員為？,盧曉彤,"[""安志"",""盧曉彤"",""馬洋""]"
lame_sheep_manor_name_easy,lame_sheep,hunter,easy,manor_name,該角色在莊園的名字是？,傑弗里·博納維塔,"[""帕緹夏·多里瓦爾"",""戚十一"",""傑弗里·博納維塔""]"
lame_sheep_real_name_easy,lame_sheep,hunter,easy,real_name,該角色的本名是？,傑弗里·博納維塔,"[""傑弗里·博納維塔"",""安東尼奧"",""溫迪·福特""]"
lame_sheep_alias_easy,lame_sheep,hunter,easy,alias,玩家可能怎麼稱呼該角色？,傑弗里寶寶,"[""傑弗里寶寶"",""四刀哥"",""貓貓人""]"
lame_sheep_camp_easy,lame_sheep,hunter,easy,camp,該角色的陣營是？,監管者,"[""求生者"",""監管者""]"
lame_sheep_birthday_or_anniversary_easy,lame_sheep,hunter,easy,birthday_or_anniversary,該角色的生日／紀念日是？,10月4日,"[""5月21日"",""10月4日"",""1月12日""]"
lame_sheep_gender_easy,lame_sheep,hunter,easy,gender,該角色的性別是？,男,"[""男"",""女""]"
lame_sheep_likes_easy,lame_sheep,hunter,easy,likes,該角色喜歡？,森林、有活力的生命,"[""拉格比足球、葡萄酒"",""飛禽"",""森林、有活力的生命""]"
lame_sheep_dislikes_easy,lame_sheep,hunter,easy,dislikes,該角色討厭？,虐待動物的人、獵奇表演,"[""虐待動物的人、獵奇表演"",""粗魯的"",""疼痛、醫院""]"
lame_sheep_representative_s_tier_costume_easy,lame_sheep,hunter,easy,representative_s_tier_costume,該角色擁有哪些時裝？,灰雲,"[""烏撒來客"",""KING-h1"",""灰雲""]"
lame_sheep_representative_a_tier_costume_easy,lame_sheep,hunter,easy,representative_a_tier_costume,該角色擁有哪些時裝？,此地禁行,"[""試運者、流螢"",""寒晶、尋寶貴族"",""此地禁行""]"
lame_sheep_cn_release_date_hard,lame_sheep,hunter,hard,cn_release_date,該角色的上線日期為？,2024-08-22,"[""2022-08-25"",""2024-08-22"",""2018-04-02""]"
lame_sheep_cn_voice_actor_hard,lame_sheep,hunter,hard,cn_voice_actor,該角色的中文配音演員為？,許棕哲,"[""許棕哲"",""苗子"",""賀若帆""]"
noisy_manor_name_easy,noisy,hunter,easy,manor_name,該角色在莊園的名字是？,麥克·莫頓,"[""巴爾克"",""麥克·莫頓"",""艾瑪·伍茲""]"
noisy_real_name_easy,noisy,hunter,easy,real_name,該角色的本名是？,麥克·莫頓,"[""威爾·羅比/威爾·馬克/威爾·史帝夫"",""謝必安/范無咎"",""麥克·莫頓""]"
noisy_alias_easy,noisy,hunter,easy,alias,玩家可能怎麼稱呼該角色？,大麥,"[""牙牙"",""大麥"",""巫巫""]"
noisy_camp_easy,noisy,hunter,easy,camp,該角色的陣營是？,監管者,"[""求生者"",""監管者""]"
noisy_birthday_or_anniversary_easy,noisy,hunter,easy,birthday_or_anniversary,該角色的生日／紀念日是？,6月1日,"[""10月21日"",""6月1日"",""8月7日""]"
noisy_gender_easy,noisy,hunter,easy,gender,該角色的性別是？,男,"[""男"",""女""]"
noisy_likes_easy,noisy,hunter,easy,likes,該角色喜歡？,獅子、舞台燈,"[""書籍、音樂、科學實驗"",""獅子、舞台燈"",""有品位的奢侈品""]"
noisy_dislikes_easy,noisy,hunter,easy,dislikes,該角色討厭？,暴力和粗魯的傢伙,"[""暴力和粗魯的傢伙"",""尖銳的東西"",""睡眠、縫紉、狂信徒""]"
noisy_representative_s_tier_costume_easy,noisy,hunter,easy,representative_s_tier_costume,該角色擁有哪些時裝？,星之王,"[""死生之諭"",""星之王"",""交響挽歌""]"
noisy_representative_a_tier_costume_easy,noisy,hunter,easy,representative_a_tier_costume,該角色擁有哪些時裝？,黑鷲,"[""紅衣人、至萬千無言者"",""茶話會、祈雨珠"",""黑鷲""]"
noisy_abyss_s_or_a_costume_easy,noisy,hunter,easy,abyss_s_or_a_costume,該角色擁有哪些時裝？,隱於夜色中,"[""隱於夜色中"",""\""D.M\""、宿醉、浮士德"",""撒瑪拉、《卡門》、\""緋\""""]"
noisy_cn_release_date_hard,noisy,hunter,hard,cn_release_date,該角色的上線日期為？,2024-11-14,"[""2019-10-17"",""2024-11-14"",""2019-07-18""]"
noisy_cn_voice_actor_hard,noisy,hunter,hard,cn_voice_actor,該角色的中文配音演員為？,翟巍,"[""穆雪婷"",""翟巍"",""李元韜""]"
grocery_merchant_manor_name_easy,grocery_merchant,hunter,easy,manor_name,該角色在莊園的名字是？,瓦倫蒂娜·雅加·瓦西裡耶娃,"[""瓦倫蒂娜·雅加·瓦西裡耶娃"",""瑪格麗莎·澤萊"",""里奧""]"
grocery_merchant_real_name_easy,grocery_merchant,hunter,easy,real_name,該角色的本名是？,瓦倫蒂娜·雅加·瓦西裡耶娃,"[""瓦倫蒂娜·雅加·瓦西裡耶娃"",""諾頓·坎貝爾"",""克萊奧·德克魯""]"
grocery_merchant_nickname_easy,grocery_merchant,hunter,easy,nickname,該角色的小名是？,瓦利婭,"[""奧菲"",""瓦利婭"",""小洛倫茲""]"
grocery_merchant_alias_easy,grocery_merchant,hunter,easy,alias,玩家可能怎麼稱呼該角色？,老奶,"[""小黑小白"",""微調哥"",""老奶""]"
grocery_merchant_camp_easy,grocery_merchant,hunter,easy,camp,該角色的陣營是？,監管者,"[""求生者"",""監管者""]"
grocery_merchant_birthday_or_anniversary_easy,grocery_merchant,hunter,easy,birthday_or_anniversary,該角色的生日／紀念日是？,6月22日,"[""3月17日"",""10月31日"",""6月22日""]"
grocery_merchant_gender_easy,grocery_merchant,hunter,easy,gender,該角色的性別是？,女,"[""女"",""男""]"
grocery_merchant_likes_easy,grocery_merchant,hunter,easy,likes,該角色喜歡？,小孩和圓滿的家庭，寶石、金幣之類亮閃閃的玩意,"[""小孩和圓滿的家庭，寶石、金幣之類亮閃閃的玩意"",""看書、文字記錄、研究法律"",""松露蛋糕、希臘神話""]"
grocery_merchant_dislikes_easy,grocery_merchant,hunter,easy,dislikes,該角色討厭？,暴力的人,"[""運動系的人、微笑小丑"",""火焰、陽光"",""暴力的人""]"
grocery_merchant_representative_s_tier_costume_easy,grocery_merchant,hunter,easy,representative_s_tier_costume,該角色擁有哪些時裝？,自由之愛,"[""自由之愛"",""十三娘"",""今夜不再""]"
grocery_merchant_representative_a_tier_costume_easy,grocery_merchant,hunter,easy,representative_a_tier_costume,該角色擁有哪些時裝？,悲愴簧管,"[""悲愴簧管"",""查吉、狂歡時刻、裁紙機"",""空""]"
grocery_merchant_cn_release_date_hard,grocery_merchant,hunter,hard,cn_release_date,該角色的上線日期為？,2025-04-24,"[""2022-08-04"",""2024-03-21"",""2025-04-24""]"
grocery_merchant_cn_voice_actor_hard,grocery_merchant,hunter,hard,cn_voice_actor,該角色的中文配音演員為？,盧曉彤,"[""徐翔"",""王宇航"",""盧曉彤""]"
billiard_player_manor_name_easy,billiard_player,hunter,easy,manor_name,該角色在莊園的名字是？,馬庫斯·索恩,"[""埃米爾"",""馬庫斯·索恩"",""薇拉·奈爾""]"
billiard_player_real_name_easy,billiard_player,hunter,easy,real_name,該角色的本名是？,馬庫斯·索恩,"[""艾達·梅斯默"",""謝必安/范無咎"",""馬庫斯·索恩""]"
billiard_player_alias_easy,billiard_player,hunter,easy,alias,玩家可能怎麼稱呼該角色？,小獅子,"[""曲曲"",""小獅子"",""漁漁""]"
billiard_player_camp_easy,billiard_player,hunter,easy,camp,該角色的陣營是？,監管者,"[""求生者"",""監管者""]"
billiard_player_gender_easy,billiard_player,hunter,easy,gender,該角色的性別是？,男,"[""女"",""男""]"
billiard_player_representative_s_tier_costume_easy,billiard_player,hunter,easy,representative_s_tier_costume,該角色擁有哪些時裝？,"""自由領袖""D","[""死靈師"",""\""自由領袖\""D"",""花祭""]"
billiard_player_representative_a_tier_costume_easy,billiard_player,hunter,easy,representative_a_tier_costume,該角色擁有哪些時裝？,幽夜終章,"[""幽夜終章"",""惡之源、石榴碟小姐"",""熔岩蛋糕""]"
billiard_player_cn_release_date_hard,billiard_player,hunter,hard,cn_release_date,該角色的上線日期為？,2025-08-28,"[""2025-08-28"",""2026-02-05"",""2021-03-18""]"
billiard_player_cn_voice_actor_hard,billiard_player,hunter,hard,cn_voice_actor,該角色的中文配音演員為？,呂書君,"[""呂書君"",""劉以嘉"",""孫曄""]"
billiard_player_experiment_code_hard,billiard_player,hunter,hard,experiment_code,該角色的實驗代號為？,3-1-5,"[""5-0-2"",""6-1-4"",""3-1-5""]"
queen_bee_manor_name_easy,queen_bee,hunter,easy,manor_name,該角色在莊園的名字是？,梅莉·普林尼,"[""梅莉·普林尼"",""愛麗絲·德羅斯"",""阿曼達·加蒂斯""]"
queen_bee_real_name_easy,queen_bee,hunter,easy,real_name,該角色的本名是？,梅莉·恩德洛武,"[""梅莉·恩德洛武"",""麥克·莫頓"",""伊萊·克拉克""]"
queen_bee_former_name_easy,queen_bee,hunter,easy,former_name,該角色的曾用名是？,梅莉·恩德洛武,"[""約瑟夫·德拉索恩斯"",""梅莉·恩德洛武"",""克洛伊·奈爾""]"
queen_bee_alias_easy,queen_bee,hunter,easy,alias,玩家可能怎麼稱呼該角色？,蜂蜂,"[""蝶后"",""蜂蜂"",""iv""]"
queen_bee_camp_easy,queen_bee,hunter,easy,camp,該角色的陣營是？,監管者,"[""求生者"",""監管者""]"
queen_bee_birthday_or_anniversary_easy,queen_bee,hunter,easy,birthday_or_anniversary,該角色的生日／紀念日是？,12月22日,"[""3月19日"",""2月18日"",""12月22日""]"
queen_bee_gender_easy,queen_bee,hunter,easy,gender,該角色的性別是？,女,"[""女"",""男""]"
queen_bee_representative_s_tier_costume_easy,queen_bee,hunter,easy,representative_s_tier_costume,該角色擁有哪些時裝？,記憶的沉痾,"[""記憶的沉痾"",""炎火之怒"",""巴薩麗莎""]"
queen_bee_cn_release_date_hard,queen_bee,hunter,hard,cn_release_date,該角色的上線日期為？,2025-11-27,"[""2025-11-27"",""2018-08-23"",""2020-11-26""]"
queen_bee_cn_voice_actor_hard,queen_bee,hunter,hard,cn_voice_actor,該角色的中文配音演員為？,黃鶯,"[""蘇鑫"",""劉垚"",""黃鶯""]"
dentist_manor_name_easy,dentist,hunter,easy,manor_name,該角色在莊園的名字是？,芬森·亨特,"[""威廉·艾利斯"",""芬森·亨特"",""赫南多·羅梅羅""]"
dentist_real_name_easy,dentist,hunter,easy,real_name,該角色的本名是？,芬森·亨特,"[""芬森·亨特"",""格蕾絲·伍德"",""帕緹夏·多里瓦爾""]"
dentist_alias_easy,dentist,hunter,easy,alias,玩家可能怎麼稱呼該角色？,牙牙,"[""幻幻"",""牙牙"",""麥麥頭""]"
dentist_camp_easy,dentist,hunter,easy,camp,該角色的陣營是？,監管者,"[""監管者"",""求生者""]"
dentist_gender_easy,dentist,hunter,easy,gender,該角色的性別是？,男,"[""男"",""女""]"
dentist_representative_s_tier_costume_easy,dentist,hunter,easy,representative_s_tier_costume,該角色擁有哪些時裝？,為智者加冕,"[""Checkmate"",""粲然的北辰"",""為智者加冕""]"
dentist_cn_release_date_hard,dentist,hunter,hard,cn_release_date,該角色的上線日期為？,2026-04-23,"[""2018-08-23"",""2019-07-18"",""2026-04-23""]"